accumulated_eval_time,accumulated_logging_time,accumulated_submission_time,global_step,preemption_count,score,test/ctc_loss,test/num_examples,test/wer,total_duration,train/ctc_loss,train/wer,validation/ctc_loss,validation/num_examples,validation/wer
28.836514711380005,0.0,384.9600245952606,1,0,384.9600245952606,6.031177011420092,2472,0.899579550301627,414.2770047187805,5.972404841933913,0.941395135883488,6.047000577657223,5348,0.8967218654950997
57.37523818016052,0.0548763275146484,1897.6628956794736,5,0,1897.6628956794736,5.22688600877476,2472,0.8829443665833892,1956.575661420822,5.280320406071318,0.9232500844843188,5.366499962326703,5348,0.8847583643122676
88.95244264602661,0.1517448425292968,3413.723785161972,9,0,3413.723785161972,1.869595014194464,2472,0.4759815570856945,3505.315301179886,2.020036021631709,0.5098492363707717,2.1587462483674904,5348,0.5111862115579587
120.71282124519348,0.2507498264312744,4928.964099884033,13,0,4928.964099884033,0.5839329351893671,2472,0.1930412528182316,5053.416162252426,0.6463620897654635,0.2122627625827128,0.8403493962854129,5348,0.2514749191329117
152.14166688919067,0.35954880714416504,6445.655059814453,17,0,6445.655059814453,0.4115944980321311,2472,0.13777344464078972,6602.778926849365,0.4452913752839332,0.14979887281567156,0.6384732072219711,5348,0.19233331724038044
