accumulated_eval_time,accumulated_logging_time,accumulated_submission_time,global_step,preemption_count,score,test/ctc_loss,test/num_examples,test/wer,total_duration,train/ctc_loss,train/wer,validation/ctc_loss,validation/num_examples,validation/wer
26.67890667915344,0.0,384.2076654434204,1,0,384.2076654434204,6.043886702367895,2472,0.899579550301627,411.3097689151764,5.977007717856204,0.9413618961398764,6.061203018258992,5348,0.8967218654950997
53.056068897247314,0.042311668395996,1895.2796268463128,5,0,1895.2796268463128,5.1150461320085165,2472,0.8991123839701014,1949.693984985352,5.165954389210703,0.940952869187727,5.304022330846896,5348,0.8965770289190363
82.44434213638306,0.1623346805572509,3405.37496137619,9,0,3405.37496137619,0.915543543131815,2472,0.2909024434830297,3490.15154004097,1.0219823216376465,0.3197500027268463,1.2207539447081577,5348,0.3499348235407715
112.14205741882324,0.2786362171173095,4914.216846227646,13,0,4914.216846227646,0.5135085328085683,2472,0.1725468689699998,5029.707987546921,0.5509044949429438,0.1885068880138742,0.7690523870742917,5348,0.2336020856466953
141.8149631023407,0.39014267921447754,6424.588478088379,17,0,6424.588478088379,0.42587026783986065,2472,0.14303414376536064,6570.785800218582,0.444315393342709,0.15500485378649884,0.6716861429764416,5348,0.20242359870612658
