accumulated_eval_time,accumulated_logging_time,accumulated_submission_time,global_step,preemption_count,score,test/ctc_loss,test/num_examples,test/wer,total_duration,train/ctc_loss,train/wer,validation/ctc_loss,validation/num_examples,validation/wer
27.894250869750977,0.0,379.9986865520477,1,0,379.9986865520477,5.9976103296986905,2472,0.899579550301627,408.4577927589417,5.960815843499211,0.9417257881814782,6.013343803370504,5348,0.8967218654950997
55.80253648757935,0.0488331317901611,1876.212289094925,5,0,1876.212289094925,5.075384702238854,2472,0.8784961306440802,1933.61035823822,5.180619369178303,0.9161766220251806,5.2518589417570825,5348,0.8807994978998697
87.8154067993164,0.1447157859802246,3374.4545254707336,9,0,3374.4545254707336,1.5985469828698626,2472,0.4549387605874109,3464.9409103393555,1.7416529165747638,0.4880356842829811,1.8995264937462326,5348,0.4939216916912084
