accumulated_eval_time,accumulated_logging_time,accumulated_submission_time,global_step,preemption_count,score,test/ctc_loss,test/num_examples,test/wer,total_duration,train/ctc_loss,train/wer,validation/ctc_loss,validation/num_examples,validation/wer
27.52851438522339,0.0,378.5858805179596,1,0,378.5858805179596,6.340010645848119,2472,0.899579550301627,406.5411348342896,6.221480758781658,0.9413881075423562,6.353277812311633,5348,0.8967218654950997
55.53362441062927,0.051312923431396484,1859.7453966140747,5,0,1859.7453966140747,4.294723046648171,2472,0.7859971970020109,1916.7059264183044,4.451932835999412,0.8257560890516997,4.4245721726190474,5348,0.8056389706947328
