accumulated_eval_time,accumulated_logging_time,accumulated_submission_time,global_step,preemption_count,score,test/loss,test/num_examples,total_duration,train/loss,validation/loss,validation/num_examples
811.0658118724823,0.0,37.69555473327637,1,0,37.69555473327637,4.702808275393195,95000000.0,849.0410521030426,4.559361739077895,4.538902787660929,83274637.0
1498.5736684799194,0.0232915878295898,182.7430868148804,6,0,182.7430868148804,0.1483170051936902,95000000.0,1682.113567352295,0.1440442428036794,0.1446767241323565,83274637.0
2174.299422979355,0.0495531558990478,334.23822259902954,11,0,334.23822259902954,0.140976548395458,95000000.0,2509.8610730171204,0.1360705507392975,0.1377439739194329,83274637.0
2852.1124579906464,0.0716192722320556,484.9827389717102,16,0,484.9827389717102,0.1393943657455846,95000000.0,3338.931676387787,0.1342871658805044,0.1362807183209702,83274637.0
3538.5290944576263,0.0919597148895263,634.9851903915405,21,0,634.9851903915405,0.1358462965057774,95000000.0,4175.859841823578,0.13236045574459,0.1326325052050293,83274637.0
4209.995379924774,0.1151158809661865,782.8179178237915,26,0,782.8179178237915,0.1325663999039901,95000000.0,4995.699559688568,0.1278652276547148,0.1298304241356926,83274637.0
4878.125259399414,0.1361429691314697,934.2389137744904,31,0,934.2389137744904,0.1316126020599365,95000000.0,5815.770126819611,0.1272093528737289,0.128827164838861,83274637.0
,,,31,0,934.2389137744904,,,,,,
