accumulated_eval_time,accumulated_logging_time,accumulated_submission_time,global_step,preemption_count,score,test/accuracy,test/loss,test/num_examples,total_duration,train/accuracy,train/loss,validation/accuracy,validation/loss,validation/num_examples
194.73267245292664,0.0,184.6418974399567,1,0,184.6418974399567,0.0152,6.2924875,10000,379.97547125816345,0.0271444515306122,6.043225969587054,0.0261,6.07814125,50000
297.58220291137695,0.03383922576904297,742.8741898536682,8,0,742.8741898536682,0.182,4.340073828125,10000,1042.36376786232,0.26112085459183676,3.6388394102758292,0.23684,3.76831125,50000
