accumulated_eval_time,accumulated_logging_time,accumulated_submission_time,global_step,preemption_count,score,test/loss,test/num_examples,total_duration,train/loss,validation/loss,validation/num_examples
784.6381850242615,0.0,21.425519943237305,1,0,21.425519943237305,0.6130282615953947,95000000,806.0637445449829,0.5921192377243402,0.5922183344746973,83274637
1410.180632829666,0.0276992321014404,141.9745500087738,179,0,141.9745500087738,0.142016848930921,95000000,1552.1896514892578,0.1394308276661912,0.1384317280463648,83274637
2025.983409166336,0.0489370822906494,262.3399257659912,356,0,262.3399257659912,0.1343100873663651,95000000,2288.385624170304,0.1321698506743465,0.131295409224885,83274637
2643.8457453250885,0.0698046684265136,382.6359212398529,536,0,382.6359212398529,0.1325299761513158,95000000,3026.5711488723755,0.1292625938969775,0.1301546501736214,83274637
3271.546605348587,0.09141230583190918,503.07265543937683,710,0,503.07265543937683,0.13122116551192434,95000000,3774.7363679409027,0.12744447107444395,0.1288158309123825,83274637
