accumulated_eval_time,accumulated_logging_time,accumulated_submission_time,global_step,preemption_count,score,test/accuracy,test/bleu,test/loss,test/num_examples,total_duration,train/accuracy,train/bleu,train/loss,validation/accuracy,validation/bleu,validation/loss,validation/num_examples
839.4802739620209,0.0,80.1494460105896,1,0,80.1494460105896,0.0007088489919237,2.97827099442725e-10,13.263533496019988,3003,920.2482295036316,0.0005236615325068,7.151859183977971e-11,13.281413999977232,0.0004835649898947,5.614707244793819e-10,13.269091517774113,3000
1279.1965782642365,0.0341696739196777,918.592015504837,2061,0,918.592015504837,0.5176108302829586,16.453299960717388,2.991010109813492,3003,2200.713935613632,0.5239392136220076,22.588952388345685,2.883704892262096,0.5204151219451711,18.14278592696112,2.9219722554587046,3000
1678.2351231575012,0.0621156692504882,1757.2720086574554,4119,0,1757.2720086574554,0.5878682238103539,21.42048134854834,2.268811370635059,3003,3440.5813794136047,0.5790482310684737,27.035334923838303,2.341596033244208,0.5881018214281286,23.191955554828013,2.273641988320046,3000
2074.3099796772003,0.0887849330902099,2595.702847957611,6178,0,2595.702847957611,0.6205450002905119,23.82678082634125,1.9978286052524548,3003,4677.399672269821,0.6029176384506334,28.7935045374378,2.156361826610875,0.6181820436200419,25.39485986675316,2.0331236205998686,3000
2495.3980689048767,0.1159405708312988,3434.5095825195312,8236,0,3434.5095825195312,0.640195223984661,25.41437772236961,1.852379655452908,3003,5939.424749612808,0.6202118239630171,29.70062229686633,2.003575859025518,0.634412468537278,26.58534045755219,1.90354525207375,3000
2888.257034301758,0.142327070236206,4273.117949008942,10295,0,4273.117949008942,0.650444483179362,26.237693813060854,1.768135204229853,3003,7173.082476854324,0.6237357484369254,30.676434816515727,1.9613043843669549,0.643116638355383,27.248292272710223,1.8285147967787128,3000
3349.2957332134247,0.1690816879272461,5111.763687849045,12353,0,5111.763687849045,0.6600197548079716,26.877855306355272,1.7005873787112893,3003,8474.860679388046,0.632814642171648,30.88894868207634,1.9022077221003564,0.6514116377974235,27.650386115898886,1.7645898686935066,3000
