accumulated_eval_time,accumulated_logging_time,accumulated_submission_time,global_step,preemption_count,score,test/accuracy,test/loss,test/num_examples,total_duration,train/accuracy,train/loss,validation/accuracy,validation/loss,validation/num_examples
200.5250024795532,0.0,187.615916967392,1,0,187.615916967392,0.001,19.5077828125,10000,388.7837519645691,0.0011559311224489,25.9410325653699,0.00122,22.85271,50000
310.53366899490356,0.042046546936035156,749.5679233074188,8,0,749.5679233074188,0.0576,8.2281875,10000,1062.258460521698,0.08541932397959184,6.885747169961735,0.07754,6.649688125,50000
