accumulated_eval_time,accumulated_logging_time,accumulated_submission_time,global_step,preemption_count,score,test/accuracy,test/loss,test/num_examples,total_duration,train/accuracy,train/loss,validation/accuracy,validation/loss,validation/num_examples
202.3081979751587,0.0,188.2390501499176,1,0,188.2390501499176,0.0008,71.8172375,10000,391.1522853374481,0.0011758609693877,17.989960339604593,0.00102,19.1034625,50000
310.72973370552063,0.050769805908203125,749.6383726596832,8,0,749.6383726596832,0.0714,6.6386484375,10000,1062.2986977100372,0.10664461096938775,6.053769481425383,0.09896,6.252138125,50000
