accumulated_eval_time,accumulated_logging_time,accumulated_submission_time,global_step,preemption_count,score,test/loss,test/num_examples,total_duration,train/loss,validation/loss,validation/num_examples
792.6075110435486,0.0,5.315659999847412,1,0,5.315659999847412,0.1758024481082314,95000000,798.2799541950226,0.1741483025281218,0.1761348821595019,83274637
1452.1865825653076,0.0293707847595214,125.19481444358826,186,0,125.19481444358826,1.9276518776000977,95000000,1578.4689009189606,1.8514603399225469,1.870646941130265,83274637
2087.5054540634155,0.0528385639190673,245.38140845298767,369,0,245.38140845298767,0.1436650706069946,95000000,2334.7435648441315,0.1418964266930946,0.1408244891731697,83274637
2726.27430343628,0.0754108428955078,365.1067225933075,552,0,365.1067225933075,0.1400467944446764,95000000,3093.999298810959,0.1356525212342548,0.1369687039326202,83274637
3361.253246307373,0.0969672203063964,484.9329192638397,741,0,484.9329192638397,0.1344836414133574,95000000,3849.550880432129,0.1318365427453423,0.1317869790368698,83274637
3999.093349933624,0.1195099353790283,604.7528657913208,925,0,604.7528657913208,0.132396438648786,95000000,4607.973077058792,0.1284091222834134,0.1295617081074303,83274637
4620.530814647675,0.1441974639892578,724.7481920719147,1115,0,724.7481920719147,0.13099844451446532,95000000,5350.200807094574,0.12782184554756088,0.1284606607885484,83274637
