accumulated_eval_time,accumulated_logging_time,accumulated_submission_time,global_step,preemption_count,score,test/accuracy,test/loss,test/num_examples,total_duration,train/accuracy,train/loss,validation/accuracy,validation/loss,validation/num_examples
196.2618932723999,0.0,184.7612400054932,1,0,184.7612400054932,0.0011,90.7028875,10000,381.7028439044952,0.0009566326530612,22.868826729910715,0.00112,23.3874275,50000
295.5159730911255,0.03493452072143555,743.2385835647583,8,0,743.2385835647583,0.0724,7.1285703125,10000,1040.7320368289948,0.11214524872448979,5.447398905851403,0.10566,5.485609375,50000
