accumulated_eval_time,accumulated_logging_time,accumulated_submission_time,global_step,preemption_count,score,test/loss,test/num_examples,total_duration,train/loss,validation/loss,validation/num_examples
721.4046006202698,0.0,5.535609245300293,1,0,5.535609245300293,28.88134845589021,95000000,727.2647256851196,28.041768686240896,27.97166984394163,83274637
1345.8843467235563,0.0259008407592773,125.32836103439332,195,0,125.32836103439332,2.323166858296284,95000000,1472.2786536216736,2.2828385260475743,2.260613884336661,83274637
1961.852076292038,0.0570142269134521,244.8865020275116,387,0,244.8865020275116,0.139522412849105,95000000,2208.5743153095245,0.1376827691787769,0.1370613146396321,83274637
2603.8872277736664,0.0802292823791503,364.831969499588,581,0,364.831969499588,0.1348845361732081,95000000,2971.263509750366,0.1304716278507828,0.1332005345245285,83274637
3210.553116798401,0.1014020442962646,484.6937983036041,780,0,484.6937983036041,0.1324168045769942,95000000,3698.5262620449066,0.1291688089007953,0.1298247342088606,83274637
3831.427225589752,0.12291717529296875,604.3493235111237,980,0,604.3493235111237,0.13155384218428762,95000000,4439.788723707199,0.12779383404003047,0.12918226410723035,83274637
