accumulated_eval_time,accumulated_logging_time,accumulated_submission_time,global_step,preemption_count,score,test/ctc_loss,test/num_examples,test/wer,total_duration,train/ctc_loss,train/wer,validation/ctc_loss,validation/num_examples,validation/wer
26.43891954421997,0.0,388.21327090263367,1,0,388.21327090263367,6.051039179947093,2472,0.899579550301627,415.0562660694122,5.981966011556753,0.9413877880322498,6.072701222498493,5348,0.8967218654950997
55.7668731212616,0.04296612739562988,1909.241529226303,5,0,1909.241529226303,1.3891368999612879,2472,0.4026973777750696,1966.3426671028137,1.5466856367293367,0.4403111593246949,1.7289622105435,5348,0.45109834403514704
