accumulated_eval_time,accumulated_logging_time,accumulated_submission_time,global_step,preemption_count,score,test/loss,test/num_examples,total_duration,train/loss,validation/loss,validation/num_examples
839.4960663318634,0.0,21.81806182861328,1,0,21.81806182861328,0.2413377558799342,95000000,861.3141672611237,0.232996903078736,0.2332861141109094,83274637
1498.2636742591858,0.030428409576416,142.00783586502075,166,0,142.00783586502075,0.1478527774054276,95000000,1640.3083701133728,0.1445577662180429,0.1444972123183234,83274637
2148.714910268784,0.0531857013702392,262.60907769203186,332,0,262.60907769203186,0.1355068931537829,95000000,2411.3898396492004,0.1319385315028001,0.1324047515753412,83274637
2797.7936296463013,0.0738832950592041,382.7915513515472,505,0,382.7915513515472,0.1326114180818256,95000000,3180.6782019138336,0.1301498140952309,0.1299869449009689,83274637
3444.050867795944,0.0999298095703125,503.0837607383728,673,0,503.0837607383728,0.13148041278782896,95000000,3947.2600605487823,0.12827931168787884,0.12878464876936546,83274637
