accumulated_eval_time,accumulated_logging_time,accumulated_submission_time,global_step,preemption_count,score,test/ctc_loss,test/num_examples,test/wer,total_duration,train/ctc_loss,train/wer,validation/ctc_loss,validation/num_examples,validation/wer
28.05308508872986,0.0,387.0852224826813,1,0,387.0852224826813,6.0785139363829925,2472,0.899579550301627,415.6124291419983,5.996883796420483,0.9414120608765304,6.101987894313844,5348,0.8967218654950997
57.85776209831238,0.05092597007751465,1904.8493316173553,5,0,1904.8493316173553,1.4740334053809923,2472,0.41171571913147686,1964.1118426322937,1.6307709399373194,0.45152817964352465,1.8208758335217,5348,0.4647516052720514
