accumulated_eval_time,accumulated_logging_time,accumulated_submission_time,global_step,preemption_count,score,test/ctc_loss,test/num_examples,test/wer,total_duration,train/ctc_loss,train/wer,validation/ctc_loss,validation/num_examples,validation/wer
32.18209934234619,0.0,382.2631809711456,1,0,382.2631809711456,6.026503322795019,2472,0.899579550301627,415.01778388023376,5.971893878801287,0.9416616025696676,6.041916644690577,5348,0.8967218654950997
59.87620449066162,0.0509638786315918,1883.5171930789948,5,0,1883.5171930789948,5.149088650880702,2472,0.8941766701196352,1945.0212788581848,5.169564606980583,0.9343367479815956,5.293754395218003,5348,0.8914305025829189
