accumulated_eval_time,accumulated_logging_time,accumulated_submission_time,global_step,preemption_count,score,test/accuracy,test/loss,test/num_examples,total_duration,train/accuracy,train/loss,validation/accuracy,validation/loss,validation/num_examples
291.6359899044037,0.0,191.8256824016571,1,0,191.8256824016571,0.0013,45.70336875,10000,484.1121375560761,0.0013352997448979,33.041538783482146,0.00144,30.8753475,50000
404.03320693969727,0.039842844009399414,757.4477133750916,8,0,757.4477133750916,0.106,4.99713046875,10000,1163.786400794983,0.14989237882653061,4.46567270707111,0.13928,4.5551909375,50000
