accumulated_eval_time,accumulated_logging_time,accumulated_submission_time,global_step,preemption_count,score,test/loss,test/num_examples,total_duration,train/loss,validation/loss,validation/num_examples
847.3452653884888,0.0,37.67749619483948,1,0,37.67749619483948,3.78510169725406,95000000.0,885.2915275096893,3.622393041214452,3.652691920452744,83274637.0
1542.3294668197632,0.0277705192565917,188.73887944221497,6,0,188.73887944221497,0.1476723141829641,95000000.0,1731.9067425727844,0.1478622648142169,0.1442844803347431,83274637.0
2233.3378808498383,0.0630695819854736,338.21960711479187,11,0,338.21960711479187,0.1401519469223424,95000000.0,2572.958784341812,0.1370984166165249,0.1373890807480877,83274637.0
2942.084261417389,0.0836989879608154,480.5985825061798,16,0,480.5985825061798,0.1371546833468788,95000000.0,3424.628926515579,0.1342708596985544,0.1352141484111836,83274637.0
3625.238899469376,0.1041951179504394,630.6816387176514,21,0,630.6816387176514,0.1354266817983125,95000000.0,4258.34792637825,0.1331754249427889,0.1327822657355339,83274637.0
4299.525852918625,0.1352949142456054,783.921802520752,26,0,783.921802520752,0.1325673037259553,95000000.0,5086.383453845978,0.1306691509152072,0.1301079710467294,83274637.0
4978.2611401081085,0.1547935009002685,904.318089723587,30,0,904.318089723587,0.1313760623984889,95000000.0,5886.100470781326,0.1281400932053688,0.1289298417875188,83274637.0
,,,30,0,904.318089723587,,,,,,
