accumulated_eval_time,accumulated_logging_time,accumulated_submission_time,global_step,preemption_count,score,test/loss,test/num_examples,total_duration,train/loss,validation/loss,validation/num_examples
23.67513680458069,0.0,7.884897947311401,1,0,7.884897947311401,0.8503762558388158,95000000,31.560072898864743,0.8511224242876161,0.8368172592574615,83274637
47.85729908943176,0.0183374881744384,1207.9284307956696,1435,0,1207.9284307956696,0.128885572810444,95000000,1255.85147190094,0.1253144039579157,0.1262321200230059,83274637
71.81789755821228,0.041947603225708,2408.435644388199,2865,0,2408.435644388199,0.1275394971217105,95000000,2480.390166997909,0.1235372977530431,0.1251382656225958,83274637
95.91578459739684,0.0732636451721191,3608.986793041229,4311,0,3608.986793041229,0.1271870054379111,95000000,3705.118673324585,0.1215285957796768,0.1247779228442478,83274637
119.97603249549866,0.098973274230957,4809.011830329895,5748,0,4809.011830329895,0.1270447986225329,95000000,4929.277381658554,0.1229731244204929,0.1246701352515352,83274637
144.17125344276428,0.1282098293304443,6009.53835773468,7188,0,6009.53835773468,0.1264705448601973,95000000,6154.0760617256165,0.1223144062660025,0.1241150941800262,83274637
168.33871912956238,0.15691637992858887,7210.042748451233,8626,0,7210.042748451233,0.1259303695415296,95000000,7378.82420873642,0.12144650256483809,0.12366117478730349,83274637
