accumulated_eval_time,accumulated_logging_time,accumulated_submission_time,global_step,preemption_count,score,test/ctc_loss,test/num_examples,test/wer,total_duration,train/ctc_loss,train/wer,validation/ctc_loss,validation/num_examples,validation/wer
30.596075773239136,0.0,386.8490595817566,1,0,386.8490595817566,6.111577359829666,2472,0.899579550301627,417.980420589447,6.0243418060452285,0.941180653949463,6.13368251770645,5348,0.8967218654950997
60.979437589645386,0.0432238578796386,1906.164538383484,5,0,1906.164538383484,1.4820947117555971,2472,0.4059472305161172,1968.8708310127256,1.6153994858581058,0.4398376340968397,1.821829635071328,5348,0.4515618210785497
91.8359272480011,0.1353905200958252,3428.277663707733,9,0,3428.277663707733,0.5014593179398671,2472,0.163772266569171,3522.949717760086,0.5622475348717124,0.186332379634239,0.7479747659546413,5348,0.225471925843673
122.72724914550781,0.23191428184509277,4949.554032325745,13,0,4949.554032325745,0.3683848302713078,2472,0.12093514512623647,5076.220950841904,0.3992324044896368,0.13308752331821638,0.5920823679550934,5348,0.17535847052575676
