accumulated_eval_time,accumulated_logging_time,accumulated_submission_time,global_step,preemption_count,score,test/ctc_loss,test/num_examples,test/wer,total_duration,train/ctc_loss,train/wer,validation/ctc_loss,validation/num_examples,validation/wer
27.70032548904419,0.0,378.6096842288971,1,0,378.6096842288971,6.020945706174592,2472,0.899579550301627,406.80643606185913,5.97046402987092,0.9418647403594524,6.037178835141652,5348,0.8967218654950997
55.48731827735901,0.0557532310485839,1867.5689589977264,5,0,1867.5689589977264,5.014809423188593,2472,0.8741088294436659,1924.6016347408292,5.085996316820977,0.914554361225858,5.2152589411291945,5348,0.8796697726065755
86.86818099021912,0.14979958534240723,3358.0274736881256,9,0,3358.0274736881256,1.3481038091167172,2472,0.3895964089127211,3447.4911875724792,1.4848157565722782,0.4247680429093583,1.6398079603676914,5348,0.43286824699464105
