accumulated_eval_time,accumulated_logging_time,accumulated_submission_time,global_step,preemption_count,score,test/accuracy,test/loss,test/num_examples,total_duration,train/accuracy,train/loss,validation/accuracy,validation/loss,validation/num_examples
198.29973220825195,0.0,188.40096735954285,1,0,188.40096735954285,0.0016,32.00378125,10000,387.30985498428345,0.0015545280612244,18.943984673947703,0.00128,16.96792375,50000
308.8155653476715,0.044928550720214844,748.060943365097,8,0,748.060943365097,0.0526,6.8583359375,10000,1058.8220992088318,0.08518016581632654,5.559592733577806,0.07914,5.635445625,50000
