accumulated_eval_time,accumulated_logging_time,accumulated_submission_time,global_step,preemption_count,score,test/loss,test/num_examples,total_duration,train/loss,validation/loss,validation/num_examples
251.2738237380981,0.0,6.941526651382446,1,0,6.941526651382446,8.726591243421053,95000000,258.2154026031494,8.69897759935391,8.696445777512066,83274637
390.4141998291016,0.0210654735565185,127.57212495803832,171,0,127.57212495803832,0.1420633889391447,95000000,518.0137343406677,0.1381247826154877,0.1390878541497537,83274637
533.3351781368256,0.041823387145996,247.6353001594544,337,0,247.6353001594544,0.1437817230879934,95000000,781.0247142314911,0.1406021325515126,0.1409275210082685,83274637
676.7463431358337,0.0653269290924072,367.94174575805664,502,0,367.94174575805664,0.1377859731085526,95000000,1044.7719428539276,0.1355108257453396,0.1349594612113391,83274637
825.3915481567383,0.0917024612426757,488.7471761703491,669,0,488.7471761703491,0.1341431201685855,95000000,1314.2552723884585,0.1301799559110553,0.1317243416546092,83274637
976.6630465984344,0.1148886680603027,608.7942001819611,834,0,608.7942001819611,0.1333339664884868,95000000,1585.6031427383425,0.1320566540384817,0.1305796695522427,83274637
1127.88676404953,0.1394767761230468,729.3911039829254,1000,0,729.3911039829254,0.1324308941509046,95000000,1857.4544489383695,0.1296186956032267,0.1298841299240292,83274637
1273.97878074646,0.1630878448486328,849.572851896286,1171,0,849.572851896286,0.13138354307154607,95000000,2123.7580647468567,0.12850399867121903,0.12884528534433523,83274637
