accumulated_eval_time,accumulated_logging_time,accumulated_submission_time,global_step,preemption_count,score,test/accuracy,test/loss,test/num_examples,total_duration,train/accuracy,train/loss,validation/accuracy,validation/loss,validation/num_examples
192.00937223434448,0.0,185.0999572277069,1,0,185.0999572277069,0.0156,6.4165484375,10000,377.8203423023224,0.0190927933673469,6.277105214644451,0.0203,6.300940625,50000
292.60692024230957,0.031812429428100586,744.2516820430756,8,0,744.2516820430756,0.1601,4.55912734375,10000,1038.9106056690216,0.24587452168367346,3.6878456582828445,0.22692,3.830769375,50000
