accumulated_eval_time,accumulated_logging_time,accumulated_submission_time,global_step,preemption_count,score,test/ctc_loss,test/num_examples,test/wer,total_duration,train/ctc_loss,train/wer,validation/ctc_loss,validation/num_examples,validation/wer
46.01634502410889,0.0,418.1277294158936,1,0,418.1277294158936,6.85914494483515,2472,0.899579550301627,464.5441226959229,6.86541891749833,0.9417061996801216,6.865015006530038,5348,0.8967218654950997
74.09186148643494,0.037954092025756836,1864.9839684963226,6,0,1864.9839684963226,5.285901509774824,2472,0.8961672049235269,1940.6093709468842,5.464487725973326,0.9374827184255469,5.4537717249346995,5348,0.8944624149085115
