accumulated_eval_time,accumulated_logging_time,accumulated_submission_time,global_step,preemption_count,score,test/accuracy,test/loss,test/num_examples,total_duration,train/accuracy,train/loss,validation/accuracy,validation/loss,validation/num_examples
34.63485527038574,0,111.21528053283691,1,0,111.21528053283691,0.0010000000474974513,366.25921630859375,10000,145.8502321243286,0.0008370535797439516,368.4275207519531,0.001019999966956675,374.48590087890625,50000
