accumulated_eval_time,accumulated_logging_time,accumulated_submission_time,global_step,preemption_count,score,test/ctc_loss,test/num_examples,test/wer,total_duration,train/ctc_loss,train/wer,validation/ctc_loss,validation/num_examples,validation/wer
27.36510133743286,0.0,383.0932228565216,1,0,383.0932228565216,6.033061003935738,2472,0.899579550301627,410.9508633613586,5.964294123625769,0.9417358932258222,6.047410274763914,5348,0.8967218654950997
58.11392402648926,0.050310611724853516,1884.4344718456268,5,0,1884.4344718456268,1.586380169688367,2472,0.45282635630572987,1944.121702671051,1.7390432046482476,0.4902432548133457,1.9330449363949167,5348,0.491276010235118
