accumulated_eval_time,accumulated_logging_time,accumulated_submission_time,global_step,preemption_count,score,test/ctc_loss,test/num_examples,test/wer,total_duration,train/ctc_loss,train/wer,validation/ctc_loss,validation/num_examples,validation/wer
35.40275812149048,0.0,6.196908950805664,1,0,6.196908950805664,30.566862378217948,2472,1.8134787642434955,42.10448122024536,31.914790274962247,2.218110467647828,30.45569934197308,5348,1.7338579635977405
62.83877992630005,0.0401890277862548,1443.9498038291931,2206,0,1443.9498038291931,3.4880484224788697,2472,0.7777303840919708,1510.4419901371002,3.648231826777867,0.8283821736480014,3.7813747927968655,5348,0.8045961473470767
92.77563953399658,0.0826237201690673,2881.67059469223,4411,0,2881.67059469223,0.6074189262210465,2472,0.2013893120467978,2981.243308782577,0.6588875066325628,0.2223667595576069,0.889318796149789,5348,0.2674455655868295
122.65438604354858,0.1164109706878662,4319.283664703369,6614,0,4319.283664703369,0.4716518001161365,2472,0.1596896390632299,4452.037253856659,0.4920294451776166,0.1717157972655229,0.7282609868677165,5348,0.2203447110510307
152.3105387687683,0.1620426177978515,5756.857405662537,8822,0,5756.857405662537,0.4115420248887025,2472,0.1400483415595231,5922.582767009735,0.4153078859046135,0.1476530523382391,0.6525351578197207,5348,0.1998455076521991
182.27315163612369,0.2035562992095947,7194.224580526352,11029,0,7194.224580526352,0.3700200416155881,2472,0.1265208295249121,7393.145751714706,0.3574945249469395,0.1283582252024732,0.6034423877178773,5348,0.1830830879158016
212.13887548446647,0.2350139617919922,8631.747074365616,13233,0,8631.747074365616,0.3414193556842377,2472,0.1169134523591899,8863.85992026329,0.3201660840498769,0.1177283810850823,0.5651767662497489,5348,0.1736880220151595
241.91982769966123,0.2759318351745605,10069.37358021736,15441,0,10069.37358021736,0.318884131637525,2472,0.1106777974123047,10334.622275829315,0.2902998077832274,0.1067175389706522,0.5305376901716646,5348,0.1619948824409791
271.86249256134033,0.32013440132141113,11506.91511130333,17647,0,11506.91511130333,0.2983972504274469,2472,0.10107042024658258,11805.374140501022,0.2622635714565108,0.09760080118435949,0.5120495686407475,5348,0.15478202095302468
