accumulated_eval_time,accumulated_logging_time,accumulated_submission_time,global_step,preemption_count,score,test/ctc_loss,test/num_examples,test/wer,total_duration,train/ctc_loss,train/wer,validation/ctc_loss,validation/num_examples,validation/wer
27.56755042076111,0.0,381.07364082336426,1,0,381.07364082336426,6.044714578359894,2472,0.899579550301627,409.08872723579407,5.981338645377567,0.9414458815520762,6.062589081650593,5348,0.8967218654950997
55.01850581169128,0.0437490940093994,1880.69459438324,5,0,1880.69459438324,5.150006452029163,2472,0.8952328722604757,1937.1092131137848,5.1810539741434285,0.93799319264806,5.310290618093229,5348,0.8946748418867378
86.21949887275696,0.14179110527038574,3383.4121177196503,9,0,3383.4121177196503,1.2190538502484032,2472,0.3611195742692909,3472.029180288315,1.3468964952784988,0.39311095983662353,1.5125044933255476,5348,0.4067300729010766
