accumulated_eval_time,accumulated_logging_time,accumulated_submission_time,global_step,preemption_count,score,test/loss,test/num_examples,total_duration,train/loss,validation/loss,validation/num_examples
225.7415902614593,0.0,6.844486236572266,1,0,6.844486236572266,8.726591243421053,95000000,232.5861222743988,8.695959548530338,8.696445777512066,83274637
348.4959318637848,0.0181822776794433,127.58505320549013,165,0,127.58505320549013,0.144447044140625,95000000,476.1052577495575,0.1406693564458463,0.1408929454907328,83274637
472.0110287666321,0.0432662963867187,247.73952054977417,332,0,247.73952054977417,0.1387721697779605,95000000,719.8062880039215,0.1381638199325252,0.1349033218039763,83274637
596.2653632164001,0.0684459209442138,367.8230590820313,498,0,367.8230590820313,0.1332981308285361,95000000,964.175562620163,0.1295238499933818,0.1301779199740012,83274637
719.252934217453,0.0917298793792724,488.3964619636536,668,0,488.3964619636536,0.1320238455797697,95000000,1207.766196012497,0.1311015094038825,0.1293660506465473,83274637
842.1455547809601,0.11400485038757324,609.0921216011047,834,0,609.0921216011047,0.13114571980879935,95000000,1451.3830354213715,0.13030057538699055,0.1285271879467747,83274637
