accumulated_eval_time,accumulated_logging_time,accumulated_submission_time,global_step,preemption_count,score,test/accuracy,test/loss,test/num_examples,total_duration,train/accuracy,train/loss,validation/accuracy,validation/loss,validation/num_examples
189.89925408363345,0.0,184.44576597213745,1,0,184.44576597213745,0.0011,29.487115625,10000,375.019369840622,0.0008769132653061,13.015592613998724,0.00118,12.8136625,50000
296.8386380672455,0.03491616249084473,744.1145496368408,8,0,744.1145496368408,0.0359,6.67414921875,10000,1043.0556514263153,0.0597297512755102,5.7301629514110335,0.05738,5.7837225,50000
