accumulated_eval_time,accumulated_logging_time,accumulated_submission_time,global_step,preemption_count,score,test/accuracy,test/loss,test/num_examples,total_duration,train/accuracy,train/loss,validation/accuracy,validation/loss,validation/num_examples
197.60124850273127,0.0,187.12253975868225,1,0,187.12253975868225,0.0017,21.6742203125,10000,385.3711349964142,0.0016541772959183,16.483124402104593,0.00172,16.8656925,50000
297.7505569458008,0.0461151599884033,749.7623128890991,8,0,749.7623128890991,0.0452,7.33423828125,10000,1049.5066766738892,0.0620416135204081,7.336604527064732,0.05714,7.16397125,50000
402.19439601898193,0.09094023704528809,1306.7325723171234,15,0,1306.7325723171234,0.0364,6.26355234375,10000,1712.186508178711,0.05546476403061224,5.753497688137755,0.05146,5.86073125,50000
