accumulated_eval_time,accumulated_logging_time,accumulated_submission_time,global_step,preemption_count,score,test/accuracy,test/loss,test/num_examples,total_duration,train/accuracy,train/loss,validation/accuracy,validation/loss,validation/num_examples
195.5995302200317,0.0,188.9512004852295,1,0,188.9512004852295,0.0075,6.75099296875,10000,385.2300360202789,0.010383450255102,6.71432993363361,0.00986,6.72470125,50000
300.219628572464,0.036435842514038,756.8769106864929,8,0,756.8769106864929,0.0832,5.17315390625,10000,1059.2158620357511,0.1394889987244898,4.609749618841677,0.12648,4.686021875,50000
411.71270847320557,0.08279991149902344,1320.1698575019836,15,0,1320.1698575019836,0.1781,4.29004453125,10000,1735.3491694927216,0.28242586096938777,3.5355308688416773,0.26074,3.66286625,50000
