accumulated_eval_time,accumulated_logging_time,accumulated_submission_time,global_step,preemption_count,score,test/loss,test/num_examples,total_duration,train/loss,validation/loss,validation/num_examples
811.5857107639313,0.0,21.995509386062626,1,0,21.995509386062626,19.32861787631579,95000000,833.5812690258026,19.33608546047091,19.34520484535405,83274637
1446.53418302536,0.0290846824645996,142.36819696426392,173,0,142.36819696426392,0.1483019587787828,95000000,1588.9372584819794,0.1438193429472311,0.144609445385983,83274637
2073.653355360031,0.0503630638122558,262.7061676979065,348,0,262.7061676979065,0.1469618179481908,95000000,2336.4210221767426,0.1433266967347582,0.1439220319482974,83274637
2690.719884634018,0.0724692344665527,383.5225918292999,520,0,383.5225918292999,0.139100818020148,95000000,3074.331348419189,0.1381050152528398,0.1362009211645434,83274637
3306.2798504829407,0.0945591926574707,503.6157710552216,691,0,503.6157710552216,0.1365448392886513,95000000,3810.0118250846863,0.1321557506965766,0.1339576270224015,83274637
3910.367868423462,0.1154909133911132,624.2227110862732,862,0,624.2227110862732,0.134512987993421,95000000,4534.73294210434,0.1321165678237781,0.1321593359341118,83274637
4480.470299959183,0.13734674453735352,744.3007535934448,1041,0,744.3007535934448,0.13195126871916119,95000000,5224.940557718277,0.12967056235146224,0.12945001405034645,83274637
