accumulated_eval_time,accumulated_logging_time,accumulated_submission_time,global_step,preemption_count,score,test/ctc_loss,test/num_examples,test/wer,total_duration,train/ctc_loss,train/wer,validation/ctc_loss,validation/num_examples,validation/wer
28.85147857666016,0.0,377.1117503643036,1,0,377.1117503643036,7.172514355764888,2472,0.899579550301627,406.3929421901703,6.075853061058537,0.941800860645755,7.325235929023508,5348,0.8967218654950997
56.36892652511597,0.04335284233093262,1851.6996188163757,5,0,1851.6996188163757,5.701065391315569,2472,0.899579550301627,1909.4849128723145,5.701038987880451,0.941800860645755,5.727616959890496,5348,0.8967218654950997
