accumulated_eval_time,accumulated_logging_time,accumulated_submission_time,global_step,preemption_count,score,test/accuracy,test/loss,test/num_examples,total_duration,train/accuracy,train/loss,validation/accuracy,validation/loss,validation/num_examples
34.764689445495605,0,106.44442176818848,1,0,106.44442176818848,0.000800000037997961,6.910780906677246,10000,141.20920753479004,0.0008370535797439516,6.911098003387451,0.0008799999486654997,6.9115166664123535,50000
