accumulated_eval_time,accumulated_logging_time,accumulated_submission_time,global_step,preemption_count,score,test/ctc_loss,test/num_examples,test/wer,total_duration,train/ctc_loss,train/wer,validation/ctc_loss,validation/num_examples,validation/wer
27.618114471435547,0.0,382.052787065506,1,0,382.052787065506,6.000339941286534,2472,0.899579550301627,410.13141655921936,5.952577384326598,0.9416273969032988,6.014829936457706,5348,0.8967218654950997
55.95374846458435,0.0465552806854248,1886.8872938156128,5,0,1886.8872938156128,4.934724417704368,2472,0.819775353929275,1944.2802839279173,4.998336733412311,0.8532650003257399,5.092692793098252,5348,0.8270554724086323
86.60954999923706,0.15567564964294434,3393.4144876003265,9,0,3393.4144876003265,1.4915567133363443,2472,0.4235167468974062,3482.501757144928,1.6110213475174897,0.45457556081565287,1.778847934875427,5348,0.4641046685656351
