accumulated_eval_time,accumulated_logging_time,accumulated_submission_time,global_step,preemption_count,score,test/ctc_loss,test/num_examples,test/wer,total_duration,train/ctc_loss,train/wer,validation/ctc_loss,validation/num_examples,validation/wer
27.600739002227783,0.0,382.4820611476898,1,0,382.4820611476898,6.044365362281438,2472,0.899579550301627,410.60511898994446,5.999262254098776,0.9418754257170968,6.056900021348202,5348,0.8967218654950997
55.47784423828125,0.0482470989227294,1884.2875547409053,5,0,1884.2875547409053,4.895642460803923,2472,0.8290171226616294,1941.2752425670624,4.9631815387006215,0.864738190742883,5.052606442761704,5348,0.8381113310481341
86.09802460670471,0.1467776298522949,3385.495078086853,9,0,3385.495078086853,1.395736317665656,2472,0.3928462616537688,3474.2791821956635,1.5468303953000475,0.4286633294050232,1.7153939371107092,5348,0.442504707188722
117.42306280136108,0.2437806129455566,4885.1293268203735,13,0,4885.1293268203735,0.6887225587134654,2472,0.2240976580748684,5006.357023239136,0.761385494826066,0.2488404277172914,0.97408606935654,5348,0.2870274706705933
148.0549430847168,0.3501749038696289,6386.245982885361,17,0,6386.245982885361,0.5636847538550874,2472,0.18804460422887087,6539.317808151245,0.610476445762374,0.20690121200981718,0.840057428232369,5348,0.2513880171872737
