accumulated_eval_time,accumulated_logging_time,accumulated_submission_time,global_step,preemption_count,score,test/loss,test/num_examples,total_duration,train/loss,validation/loss,validation/num_examples
792.6285800933838,0.0,21.15630888938904,1,0,21.15630888938904,0.4128470652138158,95000000,813.7849290370941,0.4142323807819084,0.4130769779822786,83274637
1421.3181891441343,0.0251202583312988,141.71401977539062,180,0,141.71401977539062,0.1402157970600329,95000000,1563.063980102539,0.1360482512826814,0.1371489287528919,83274637
2042.8533110618591,0.0473160743713378,261.7662613391876,359,0,261.7662613391876,0.1350737755345394,95000000,2304.680017232895,0.132793123253955,0.1326231157603714,83274637
2668.595247745514,0.0678291320800781,382.0021436214447,535,0,382.0021436214447,0.1326781553453947,95000000,3050.68475317955,0.1303847958714519,0.130066394056771,83274637
3282.525356531143,0.0897433757781982,502.2544260025024,710,0,502.2544260025024,0.1324086570209704,95000000,3784.895370721817,0.129619372622022,0.1297248686907834,83274637
3936.832782506943,0.1104753017425537,622.7168636322021,890,0,622.7168636322021,0.1323141510896381,95000000,4559.69261097908,0.1297139649238414,0.1296176036125914,83274637
4506.265068531036,0.13104033470153809,743.2137269973755,1064,0,743.2137269973755,0.13081210363898027,95000000,5249.64856672287,0.12615477230470135,0.12829102171495355,83274637
