accumulated_eval_time,accumulated_logging_time,accumulated_submission_time,global_step,preemption_count,score,test/ctc_loss,test/num_examples,test/wer,total_duration,train/ctc_loss,train/wer,validation/ctc_loss,validation/num_examples,validation/wer
35.00081706047058,0.0,6.191650867462158,1,0,6.191650867462158,30.52990192915672,2472,1.7551439075416897,41.72762751579285,31.51684293916906,1.9061728128158424,30.40279661442636,5348,1.6844590353884037
62.322423696517944,0.041554927825927734,1444.3303434848785,2225,0,1444.3303434848785,3.3564459803858315,2472,0.7581703329067901,1510.292580127716,3.497768945344239,0.8206203620129607,3.7048669975637933,5348,0.7995558345000724
