accumulated_eval_time,accumulated_logging_time,accumulated_submission_time,global_step,preemption_count,score,test/loss,test/num_examples,total_duration,train/loss,validation/loss,validation/num_examples
223.3991403579712,0.0,7.127722501754761,1,0,7.127722501754761,10.007061925,95000000,230.52690744400024,10.049849531185702,10.109905789051954,83274637
377.6148376464844,0.0174221992492675,127.79628682136536,171,0,127.79628682136536,0.1480486237047697,95000000,505.4351155757904,0.1413843696644096,0.1444756821026055,83274637
503.0369875431061,0.040515661239624,248.08794856071472,341,0,248.08794856071472,0.1517300811780427,95000000,751.1784410476685,0.1435254858162418,0.1489363000202871,83274637
622.6186690330505,0.0618634223937988,368.7164855003357,512,0,368.7164855003357,0.1413483636924342,95000000,991.4167692661284,0.1411216418206129,0.1384026034541585,83274637
741.6259660720825,0.0869004726409912,488.9937307834625,682,0,488.9937307834625,0.1348084829975329,95000000,1230.732892036438,0.1319620405329661,0.1319781567667438,83274637
858.9288430213928,0.1083831787109375,609.6729311943054,855,0,609.6729311943054,0.1332088247430098,95000000,1468.743036031723,0.1277570064478325,0.1303964174071823,83274637
978.3456242084504,0.12939453125,730.1055233478546,1025,0,730.1055233478546,0.1319836370682565,95000000,1708.6198785305023,0.1272945964252049,0.1293448463654816,83274637
1095.3935010433197,0.15201091766357422,850.6217505931854,1196,0,850.6217505931854,0.1314703992495888,95000000,1946.213050365448,0.1292282889520972,0.12893772942272028,83274637
