accumulated_eval_time,accumulated_logging_time,accumulated_submission_time,global_step,preemption_count,score,test/ctc_loss,test/num_examples,test/wer,total_duration,train/ctc_loss,train/wer,validation/ctc_loss,validation/num_examples,validation/wer
28.545403003692627,0.0,385.07136583328247,1,0,385.07136583328247,6.997518388283115,2472,0.8618406353462109,414.15292096138,7.2425338417347,0.8962314844466638,7.027474036819369,5348,0.864346062859074
58.352426290512085,0.0463440418243408,1895.038126945496,5,0,1895.038126945496,0.9688413365378412,2472,0.3013832185729084,1954.9123895168304,1.085169141006946,0.3353180957136731,1.28266647673046,5348,0.3610293052672235
88.78460669517517,0.14506840705871582,3408.0966806411743,9,0,3408.0966806411743,0.5372617285792631,2472,0.1718765868421587,3499.418877363205,0.6056685117080053,0.19540048958678224,0.7952712359666968,5348,0.23242408149471347
