accumulated_eval_time,accumulated_logging_time,accumulated_submission_time,global_step,preemption_count,score,test/loss,test/num_examples,total_duration,train/loss,validation/loss,validation/num_examples
829.0267086029053,0.0,5.707798004150391,1,0,5.707798004150391,0.7742877156298186,95000000,835.0996685028076,0.7499298757103756,0.7432076793619351,83274637
1565.3880188465118,0.0318143367767334,125.46376776695251,172,0,125.46376776695251,0.1407003453479164,95000000,1691.936666727066,0.1367654875852992,0.137576178739093,83274637
2289.7643146514893,0.0534911155700683,245.45887088775635,336,0,245.45887088775635,0.1358706889198303,95000000,2537.063016176224,0.1321914268024712,0.1329796866885126,83274637
2999.280104160309,0.07451200485229492,365.1770296096802,499,0,365.1770296096802,0.13196307770425897,95000000,3367.015255212784,0.12888272232961437,0.1295595727819899,83274637
