accumulated_eval_time,accumulated_logging_time,accumulated_submission_time,global_step,preemption_count,score,test/loss,test/num_examples,total_duration,train/loss,validation/loss,validation/num_examples
819.1882638931274,0.0,5.8605124950408936,1,0,5.8605124950408936,0.4592425974072908,95000000,825.3860712051392,0.4475328497674383,0.4455384919169829,83274637
1543.0499069690704,0.0337474346160888,125.95056676864624,173,0,125.95056676864624,0.1375365628167001,95000000,1670.0569384098053,0.1333217853548332,0.1346052298530697,83274637
2263.7610001564026,0.058176040649414,245.9973108768463,337,0,245.9973108768463,0.3735341893417358,95000000,2511.493868112564,0.3638163415151504,0.3677701418373472,83274637
2983.850626945496,0.0786938667297363,365.97020959854126,509,0,365.97020959854126,0.1360766036489787,95000000,3352.262881755829,0.1325681266574049,0.1329337814515632,83274637
3712.330934047699,0.0999729633331298,486.41593170166016,683,0,486.41593170166016,0.1340145439285278,95000000,4201.872417926788,0.1306257765396063,0.1312489257445563,83274637
4426.9402549266815,0.1215481758117675,606.0186667442322,857,0,606.0186667442322,0.1330955786639966,95000000,5036.767441749573,0.1279544352331901,0.1301412210124101,83274637
5133.503820896149,0.1434943675994873,726.297153711319,1023,0,726.297153711319,0.1326281530279059,95000000,5864.271256446838,0.129357023989958,0.1299216589569193,83274637
5839.56344127655,0.1649904251098632,846.1695275306702,1191,0,846.1695275306702,0.1320964230080052,95000000,6690.898982048035,0.1288776872522935,0.1293074317713514,83274637
6531.778383255005,0.1863241195678711,966.052003622055,1356,0,966.052003622055,0.1311584305996945,95000000,7503.676275730133,0.1270269037792527,0.12838168508516765,83274637
