accumulated_eval_time,accumulated_logging_time,accumulated_submission_time,global_step,preemption_count,score,test/loss,test/num_examples,total_duration,train/loss,validation/loss,validation/num_examples
721.3810458183289,0.0,35.261189460754395,1,0,35.261189460754395,0.7220075436001426,95000000.0,756.9496583938599,0.6965210700012595,0.7015693673049473,83274637.0
1323.5066585540771,0.0203349590301513,170.1814322471619,6,0,170.1814322471619,1.5268914140714946,95000000.0,1494.5514771938324,1.4862945850036369,1.4854487620553751,83274637.0
1924.493907213211,0.0480763912200927,307.3107945919037,11,0,307.3107945919037,0.139822126497891,95000000.0,2233.240204811096,0.1366320939215324,0.1367209298461176,83274637.0
2522.378499984741,0.0698773860931396,445.18271589279175,16,0,445.18271589279175,0.1373914033666108,95000000.0,2969.566913127899,0.1342023605049849,0.1344160908509186,83274637.0
3130.0904116630554,0.0902140140533447,582.5098135471344,21,0,582.5098135471344,0.1337307107870001,95000000.0,3715.166306257248,0.1272003112810922,0.130831259031615,83274637.0
3735.592315673828,0.1103174686431884,719.331360578537,26,0,719.331360578537,0.1320476181406924,95000000.0,4458.046599626541,0.1268514709580325,0.1292893865942342,83274637.0
4326.261625528336,0.1322262287139892,856.0212841033936,31,0,856.0212841033936,0.1310576687037016,95000000.0,5185.965658426285,0.1273565329756047,0.1285622843469443,83274637.0
,,,31,0,856.0212841033936,,,,,,
