accumulated_eval_time,accumulated_logging_time,accumulated_submission_time,global_step,preemption_count,score,test/accuracy,test/loss,test/num_examples,total_duration,train/accuracy,train/loss,validation/accuracy,validation/loss,validation/num_examples
193.1375026702881,0.0,184.24507212638852,1,0,184.24507212638852,0.0162,6.27608515625,10000,377.9485306739807,0.0284797512755102,6.009522729990434,0.02772,6.051781875,50000
297.18333411216736,0.036455392837524414,739.6889691352844,8,0,739.6889691352844,0.1658,4.468820703125,10000,1038.7692313194275,0.23818160076530612,3.7600063401825574,0.22312,3.8860246875,50000
