accumulated_eval_time,accumulated_logging_time,accumulated_submission_time,global_step,preemption_count,score,test/accuracy,test/loss,test/num_examples,total_duration,train/accuracy,train/loss,validation/accuracy,validation/loss,validation/num_examples
191.71197509765625,0.0,185.2774932384491,1,0,185.2774932384491,0.0053,6.850871875,10000,377.640727519989,0.0065569196428571,6.830314169124681,0.00688,6.834836875,50000
295.69166827201843,0.033830881118774414,744.7788362503052,8,0,744.7788362503052,0.0797,5.17642578125,10000,1042.5497877597809,0.1289859693877551,4.664582233039701,0.11922,4.747241875,50000
