accumulated_eval_time,accumulated_logging_time,accumulated_submission_time,global_step,preemption_count,score,test/ctc_loss,test/num_examples,test/wer,total_duration,train/ctc_loss,train/wer,validation/ctc_loss,validation/num_examples,validation/wer
27.08696794509888,0.0,384.9939649105072,1,0,384.9939649105072,6.115710691012324,2472,0.899579550301627,412.6569652557373,6.023631085290784,0.9416941873139306,6.138449759518786,5348,0.8967218654950997
57.62045979499817,0.0482521057128906,1896.8236954212189,5,0,1896.8236954212189,1.5279821480418092,2472,0.4284930839071355,1956.1518886089325,1.692745519807524,0.4698357437624385,1.8589825698211773,5348,0.4697726065755805
87.82827806472778,0.1500389575958252,3408.013375520706,9,0,3408.013375520706,0.5827154171236854,2472,0.1941177665387037,3498.704856395721,0.6405413834556104,0.2182509340751706,0.8564095032461825,5348,0.2564090184908029
118.4223120212555,0.2490966320037841,4917.978073358536,13,0,4917.978073358536,0.4717688439576747,2472,0.1559929315702882,5040.45047211647,0.498763779497499,0.172140970787443,0.7139271312098151,5348,0.212900111041375
149.65383172035217,0.34724879264831543,6429.778331518173,17,0,6429.778331518173,0.4219078902267888,2472,0.14218105742083562,6584.716784000397,0.44129418686330535,0.15438676405993265,0.6652643664764165,5348,0.19892820933713126
