accumulated_eval_time,accumulated_logging_time,accumulated_submission_time,global_step,preemption_count,score,test/loss,test/num_examples,total_duration,train/loss,validation/loss,validation/num_examples
23.628843784332275,0.0,7.827288389205933,1,0,7.827288389205933,1.935666459868421,95000000,31.456169366836548,1.9448086233259,1.9358978405093497,83274637
47.24359011650085,0.0190122127532959,1208.3636639118197,1475,0,1208.3636639118197,0.1287524737561677,95000000,1255.6758449077606,0.1254478206612029,0.1262752209595341,83274637
70.951575756073,0.0520901679992675,2408.6408829689026,2958,0,2408.6408829689026,0.1277814027035362,95000000,2479.7439880371094,0.1240615242588445,0.1254031104801603,83274637
94.77644205093384,0.0784175395965576,3608.593127727509,4437,0,3608.593127727509,0.1270797869654605,95000000,3703.596980333328,0.1253122318090882,0.1247662516548255,83274637
118.60356783866882,0.113487958908081,4809.2091228961945,5907,0,4809.2091228961945,0.126378813774671,95000000,4928.124733924866,0.1223509699199934,0.1240833006610704,83274637
142.26434588432312,0.1388483047485351,6009.665210485458,7380,0,6009.665210485458,0.1263131537417763,95000000,6152.315758228302,0.1202990192006219,0.1239611781120703,83274637
166.0789213180542,0.16559791564941406,7210.176599979401,8849,0,7210.176599979401,0.12612937065172697,95000000,7376.7179589271545,0.11889205451281566,0.12377845389354564,83274637
