accumulated_eval_time,accumulated_logging_time,accumulated_submission_time,global_step,preemption_count,score,test/ctc_loss,test/num_examples,test/wer,total_duration,train/ctc_loss,train/wer,validation/ctc_loss,validation/num_examples,validation/wer
27.79157447814941,0.0,387.2077372074127,1,0,387.2077372074127,6.113746854635783,2472,0.899579550301627,415.5978500843048,6.025349468950079,0.9417702872492526,6.135784766174402,5348,0.8967218654950997
58.10619068145752,0.0529513359069824,1906.0521421432493,5,0,1906.0521421432493,1.6761103538937996,2472,0.4500233583165763,1965.8454728126528,1.8324494550019392,0.484110307179065,2.0148872312638137,5348,0.4880413267030367
88.72267460823059,0.1477043628692627,3424.747694253921,9,0,3424.747694253921,0.580709440931673,2472,0.1922694127922328,3516.2796547412872,0.6361114690283249,0.2123933105151423,0.856930944846293,5348,0.2563993627190653
119.7186987400055,0.2520310878753662,4942.086891174316,13,0,4942.086891174316,0.4643739112200787,2472,0.1528446367273983,5065.788932085037,0.4870852660862879,0.1655149256964602,0.7184610732808419,5348,0.2127649302370492
150.44495153427124,0.3523597717285156,6461.4944932460785,17,0,6461.4944932460785,0.41528175708916704,2472,0.13771250990189507,6617.079293251038,0.43243348693297406,0.1491594818248776,0.6591716426813341,5348,0.19701636653309515
