accumulated_eval_time,accumulated_logging_time,accumulated_submission_time,global_step,preemption_count,score,test/accuracy,test/loss,test/num_examples,total_duration,train/accuracy,train/loss,validation/accuracy,validation/loss,validation/num_examples
34.23200869560242,0,105.70760369300842,1,0,105.70760369300842,0.0007000000332482159,6.912026882171631,10000,139.9397053718567,0.0010562818497419357,6.911983966827393,0.0009999999310821295,6.911798000335693,50000
