accumulated_eval_time,accumulated_logging_time,accumulated_submission_time,global_step,preemption_count,score,test/ctc_loss,test/num_examples,test/wer,total_duration,train/ctc_loss,train/wer,validation/ctc_loss,validation/num_examples,validation/wer
26.83958411216736,0.0,381.5265915393829,1,0,381.5265915393829,6.005605200335506,2472,0.899579550301627,408.8285248279572,5.960388757685574,0.9417399973991072,6.0210868432288525,5348,0.8967218654950997
54.08373689651489,0.0493721961975097,1882.728589773178,5,0,1882.728589773178,4.881712933092458,2472,0.8581033046940061,1938.1628820896149,4.878406761947419,0.8910605141098443,5.067971653983324,5348,0.8611210350987303
84.3268518447876,0.1506187915802002,3382.0062572956085,9,0,3382.0062572956085,1.4527620733595716,2472,0.4219324436861454,3468.7724299430847,1.6251907608548122,0.4584615718063202,1.7989837235659032,5348,0.4683338965866847
114.01231074333192,0.261819839477539,4879.891430616379,13,0,4879.891430616379,0.6530504488192787,2472,0.2170292283630898,4997.367399930954,0.7219744840655835,0.2406963890935888,0.933112434385674,5348,0.2817650750736252
143.4891288280487,0.3656144142150879,6378.497700214386,17,0,6378.497700214386,0.5651814229950319,2472,0.19210692015518047,6526.464707374573,0.6136268251116359,0.20968615891456066,0.8452912695273257,5348,0.2557813933278617
