accumulated_eval_time,accumulated_logging_time,accumulated_submission_time,global_step,preemption_count,score,test/ctc_loss,test/num_examples,test/wer,total_duration,train/ctc_loss,train/wer,validation/ctc_loss,validation/num_examples,validation/wer
29.104369640350345,0.0,388.1099135875702,1,0,388.1099135875702,6.128955497128847,2472,0.899579550301627,417.770320892334,6.032172060406274,0.9416935549469916,6.151661313919028,5348,0.8967218654950997
59.47575950622559,0.0523924827575683,1910.677953004837,5,0,1910.677953004837,1.2820832190786502,2472,0.3572197509800337,1971.903061389923,1.3990725667251054,0.3923646321954394,1.6187228830746434,5348,0.4068652537054024
91.66153478622437,0.1671845912933349,3437.773385286331,9,0,3437.773385286331,0.5178130947964384,2472,0.170739138382792,3532.353222370148,0.5695149780346977,0.1893983351861392,0.7640574867044655,5348,0.2269975377782069
123.73364639282227,0.2873101234436035,4963.654027223587,13,0,4963.654027223587,0.39570562012065297,2472,0.12977068226595984,5091.469727039337,0.42278360179343816,0.1431523006426073,0.6217473915166014,5348,0.18342103992661613
