accumulated_eval_time,accumulated_logging_time,accumulated_submission_time,global_step,preemption_count,score,test/accuracy,test/loss,test/num_examples,total_duration,train/accuracy,train/loss,validation/accuracy,validation/loss,validation/num_examples
189.99745655059812,0.0,184.8679769039154,1,0,184.8679769039154,0.0059,6.85896015625,10000,375.4529547691345,0.0076530612244897,6.827078683035714,0.00728,6.8346225,50000
294.20637941360474,0.035315752029418945,744.9049015045166,8,0,744.9049015045166,0.0786,5.23677734375,10000,1041.0379974842072,0.1237045599489796,4.6690673828125,0.1161,4.737686875,50000
