accumulated_eval_time,accumulated_logging_time,accumulated_submission_time,global_step,preemption_count,score,test/ctc_loss,test/num_examples,test/wer,total_duration,train/ctc_loss,train/wer,validation/ctc_loss,validation/num_examples,validation/wer
27.053163051605225,0.0,379.0248715877533,1,0,379.0248715877533,6.3609849829021226,2472,0.899579550301627,406.5013897418976,6.05367093578306,0.9414484324712878,6.397528631705847,5348,0.8967218654950997
53.483882904052734,0.0568087100982666,1868.5933356285093,5,0,1868.5933356285093,7.366793018904445,2472,0.899579550301627,1923.4346587657928,7.3322499048033505,0.9414484324712878,7.448024977396022,5348,0.8967218654950997
83.74327635765076,0.1573560237884521,3357.167690515518,9,0,3357.167690515518,1.8675884331247177,2472,0.4940994861170353,3443.2495415210724,2.0055660290757764,0.5273997593025219,2.1784338817937514,5348,0.5319364650219669
114.00362706184389,0.2695443630218506,4844.530849933624,13,0,4844.530849933624,0.8242242947125621,2472,0.2533666443239291,4961.9128794670105,0.9098168994451395,0.2842626325333682,1.1464699531909284,5348,0.3210254429585285
144.07794713974,0.38754844665527344,6333.123567819595,17,0,6333.123567819595,0.6613168591522034,2472,0.2056344321897914,6481.632394313812,0.7023393089063265,0.22842299586675596,0.9561548553031445,5348,0.27221551682518225
