accumulated_eval_time,accumulated_logging_time,accumulated_submission_time,global_step,preemption_count,score,test/accuracy,test/loss,test/num_examples,total_duration,train/accuracy,train/loss,validation/accuracy,validation/loss,validation/num_examples
195.0345778465271,0.0,187.8174843788147,1,0,187.8174843788147,0.0008,50.148546875,10000,383.5432269573212,0.0008769132653061,11.48297741948342,0.00098,12.82109875,50000
300.46461153030396,0.038754940032958984,751.5798256397247,8,0,751.5798256397247,0.0576,5.801978515625,10000,1054.1103961467743,0.09173708545918367,5.195811680385044,0.08478,5.297525,50000
