accumulated_eval_time,accumulated_logging_time,accumulated_submission_time,global_step,preemption_count,score,test/loss,test/num_examples,total_duration,train/loss,validation/loss,validation/num_examples
757.0209441184998,0.0,21.73637819290161,1,0,21.73637819290161,0.2377198051192434,95000000,778.7573685646057,0.2315648195784796,0.2287472378097472,83274637
1363.2127680778503,0.0287787914276123,141.93266463279724,183,0,141.93266463279724,0.1419736854029605,95000000,1505.1797442436218,0.1387528323644549,0.1382801996680048,83274637
1971.490144252777,0.0500988960266113,262.35715341567993,374,0,262.35715341567993,0.1337291844983552,95000000,2233.9088954925537,0.1300802890492498,0.1309856803389233,83274637
2579.80846619606,0.07065248489379883,382.5115821361542,560,0,382.5115821361542,0.13159341097861843,95000000,2962.4078447818756,0.12926177596146204,0.1291045314927904,83274637
