accumulated_eval_time,accumulated_logging_time,accumulated_submission_time,global_step,preemption_count,score,test/ctc_loss,test/num_examples,test/wer,total_duration,train/ctc_loss,train/wer,validation/ctc_loss,validation/num_examples,validation/wer
28.798030614852905,0.0,386.99982237815857,1,0,386.99982237815857,6.069777082392412,2472,0.899579550301627,416.25574374198914,5.99206973052737,0.9416935549469916,6.094154595514366,5348,0.8967218654950997
59.806992530822754,0.0488286018371582,1903.5367665290833,5,0,1903.5367665290833,1.4198962433060198,2472,0.41281254443158044,1964.8896038532257,1.5756717778018452,0.447043192971991,1.7577234183494073,5348,0.4567083474146671
