accumulated_eval_time,accumulated_logging_time,accumulated_submission_time,global_step,preemption_count,score,test/loss,test/num_examples,total_duration,train/loss,validation/loss,validation/num_examples
780.6664612293243,0.0,20.925967693328857,1,0,20.925967693328857,0.1692612081003289,95000000,801.5924730300903,0.1646733384274836,0.1634717111321287,83274637
1407.1563074588776,0.0256078243255615,141.32850575447085,176,0,141.32850575447085,0.1476685780427631,95000000,1548.5170402526855,0.1438149095471925,0.1440532499369282,83274637
2030.7853727340696,0.0474212169647216,261.5530314445496,349,0,261.5530314445496,0.1510778744140625,95000000,2292.398591518402,0.1497449962035665,0.1482329258171031,83274637
2636.1280159950256,0.0701360702514648,381.6821441650391,524,0,381.6821441650391,0.1505387925986842,95000000,3017.899092197418,0.1463678843757641,0.146801859016303,83274637
3236.4251997470856,0.0907289981842041,502.3351109027863,701,0,502.3351109027863,0.1339261680509868,95000000,3738.875965356827,0.1303413904289592,0.1310521583662457,83274637
3892.645813941956,0.1116032600402832,622.3729476928711,881,0,622.3729476928711,0.1323321822162829,95000000,4515.161431074143,0.1297959659904616,0.129660266598068,83274637
4463.977029323578,0.13249897956848145,742.6178970336914,1057,0,742.6178970336914,0.13170971401110199,95000000,5206.769450187683,0.12894831792269862,0.12903943639657506,83274637
