accumulated_eval_time,accumulated_logging_time,accumulated_submission_time,global_step,preemption_count,score,test/loss,test/num_examples,total_duration,train/loss,validation/loss,validation/num_examples
769.8538212776184,0.0,22.09378719329834,1,0,22.09378719329834,1.4304000075657894,95000000,791.9476628303528,1.4326172144907825,1.4362856491647031,83274637
1402.0822534561155,0.0319271087646484,1222.3310425281525,1598,0,1222.3310425281525,0.1282186123560855,95000000,2624.495720386505,0.1245591239359393,0.1259070251654924,83274637
1943.6916906833649,0.06317138671875,2422.415356397629,3194,0,2422.415356397629,0.1277122621710526,95000000,4366.269315481186,0.1241928115487098,0.1253752270746914,83274637
2476.6572885513306,0.0849447250366211,3622.735331058502,4794,0,3622.735331058502,0.1275858744860197,95000000,6099.624941825867,0.1234712328925822,0.125231171217459,83274637
2973.9886643886566,0.1102187633514404,4823.403591871262,6397,0,4823.403591871262,0.1271121087068256,95000000,7797.698776721954,0.1227510205511027,0.124674626368005,83274637
3419.8732323646545,0.1352546215057373,6023.703296661377,7997,0,6023.703296661377,0.1264576546258223,95000000,9443.956798553469,0.1223961704838201,0.1240838121463381,83274637
3732.1026566028595,0.16198468208312988,7224.384115934372,9586,0,7224.384115934372,0.12603790813116778,95000000,10956.941814184189,0.12204009303881687,0.12371122885568687,83274637
