accumulated_eval_time,accumulated_logging_time,accumulated_submission_time,global_step,preemption_count,score,test/loss,test/num_examples,total_duration,train/loss,validation/loss,validation/num_examples
764.3788454532623,0.0,5.685655355453491,1,0,5.685655355453491,6.493505416370272,95000000.0,770.4138095378876,6.477544453495627,6.484486244885299,83274637.0
1389.2038414478302,0.0393476486206054,125.64760732650755,195,0,125.64760732650755,23.72438757349918,95000000.0,1515.93679356575,23.19004276153869,24.16933327955208,83274637.0
1987.9852001667025,0.0716867446899414,245.6522934436798,397,0,245.6522934436798,0.1870488381030434,95000000.0,2235.4982266426086,0.1860808043614449,0.1879742129332123,83274637.0
2607.644660949707,0.0962541103363037,365.8687515258789,599,0,365.8687515258789,0.1380523554990266,95000000.0,2976.128856897354,0.1343347271521413,0.135207757092159,83274637.0
3224.393205165863,0.1243083477020263,486.0663833618164,791,0,486.0663833618164,0.1355849020494159,95000000.0,3713.7855865955353,0.1325152587144101,0.1329451361646708,83274637.0
3828.820291757584,0.1485586166381836,606.2156894207001,988,0,606.2156894207001,0.1342204117456536,95000000.0,4439.125891923904,0.1314867482867481,0.1316443433786784,83274637.0
4425.92253446579,0.1726882457733154,725.8417587280273,1190,0,725.8417587280273,0.1330776306986758,95000000.0,5156.609055519104,0.129811758098905,0.1304749839338836,83274637.0
5054.891347885132,0.1942698955535888,845.3892579078674,1388,0,845.3892579078674,0.1319261242687426,95000000.0,5905.85208106041,0.1288803873310489,0.1293294724573551,83274637.0
,,,1388,0,845.3892579078674,,,,,,
