accumulated_eval_time,accumulated_logging_time,accumulated_submission_time,global_step,preemption_count,score,test/accuracy,test/loss,test/num_examples,total_duration,train/accuracy,train/loss,validation/accuracy,validation/loss,validation/num_examples
191.33920764923096,0.0,185.307145357132,1,0,185.307145357132,0.0014,66.38539375,10000,377.2755916118622,0.0010762117346938,22.6293646364796,0.0011,22.9437225,50000
293.431715965271,0.0318763256072998,746.3202822208405,8,0,746.3202822208405,0.0594,6.2868359375,10000,1041.7354130744934,0.0888073979591836,6.215195013552296,0.08364,6.525986875,50000
397.2736532688141,0.07701921463012695,1305.2053599357605,15,0,1305.2053599357605,0.147,4.6474875,10000,1705.7195346355438,0.2049984056122449,4.156421894929847,0.18732,4.2640825,50000
