accumulated_eval_time,accumulated_logging_time,accumulated_submission_time,global_step,preemption_count,score,test/loss,test/num_examples,total_duration,train/loss,validation/loss,validation/num_examples
783.5824089050293,0.0,22.069050073623657,1,0,22.069050073623657,0.3895855724917763,95000000,805.6515023708344,0.3756648575734792,0.3729860752612767,83274637
1415.9076161384585,0.027214765548706,142.0884931087494,175,0,142.0884931087494,0.1463847727693256,95000000,1558.0284457206726,0.1413072838254694,0.1431474427738743,83274637
2040.867054700852,0.0491507053375244,262.06178522109985,351,0,262.06178522109985,0.1343932077713815,95000000,2302.988616466522,0.1297799489642464,0.1314227170238032,83274637
2664.9292874336243,0.0700640678405761,382.35129022598267,532,0,382.35129022598267,0.1333370075863486,95000000,3047.3669538497925,0.1290911674710377,0.1305789045817906,83274637
3274.1849496364594,0.09128403663635254,502.91998744010925,709,0,502.91998744010925,0.13148983899054276,95000000,3777.218181848526,0.13012519394451716,0.1288273121770145,83274637
