accumulated_eval_time,accumulated_logging_time,accumulated_submission_time,global_step,preemption_count,score,test/accuracy,test/loss,test/num_examples,total_duration,train/accuracy,train/loss,validation/accuracy,validation/loss,validation/num_examples
193.08994269371036,0.0,183.88520336151123,1,0,183.88520336151123,0.0148,6.42412421875,10000,377.657990694046,0.0189532844387755,6.272026217713648,0.01872,6.303210625,50000
292.61496138572693,0.030441999435424805,740.3354239463806,8,0,740.3354239463806,0.1725,4.387077734375,10000,1034.7635736465454,0.2583107461734694,3.585532674984056,0.23384,3.7425434375,50000
