accumulated_eval_time,accumulated_logging_time,accumulated_submission_time,global_step,preemption_count,score,test/accuracy,test/loss,test/num_examples,total_duration,train/accuracy,train/loss,validation/accuracy,validation/loss,validation/num_examples
184.6360483169556,0.0,184.5823442935944,1,0,184.5823442935944,0.0184,6.28819453125,10000,369.88109278678894,0.0274633290816326,6.032990747568559,0.02674,6.07995375,50000
283.9894988536835,0.0330827236175537,745.1321680545807,8,0,745.1321680545807,0.1806,4.34443359375,10000,1031.1555643081665,0.2503786670918367,3.7083223303970025,0.23068,3.820433125,50000
382.1783719062805,0.07883739471435547,1301.478387594223,15,0,1301.478387594223,0.1731,4.68283515625,10000,1686.974279165268,0.26143973214285715,3.786352663624043,0.24416,3.9176890625,50000
