accumulated_eval_time,accumulated_logging_time,accumulated_submission_time,global_step,preemption_count,score,test/accuracy,test/loss,test/num_examples,total_duration,train/accuracy,train/loss,validation/accuracy,validation/loss,validation/num_examples
34.86558818817139,0,113.35781383514404,1,0,113.35781383514404,0.0010000000474974513,645.3836059570312,10000,148.2235062122345,0.0012555803405120969,640.5958251953125,0.0009999999310821295,653.0930786132812,50000
