accumulated_eval_time,accumulated_logging_time,accumulated_submission_time,global_step,preemption_count,score,test/accuracy,test/loss,test/num_examples,total_duration,train/accuracy,train/loss,validation/accuracy,validation/loss,validation/num_examples
195.69115662574768,0.0,187.2244169712067,1,0,187.2244169712067,0.0013,6.9827109375,10000,383.56387281417847,0.001953125,7.127678695990115,0.00148,7.038920625,50000
299.16145944595337,0.041339635848999,750.4124698638916,8,0,750.4124698638916,0.0716,5.346159765625,10000,1051.58714056015,0.1089166135204081,4.933058446767379,0.10092,4.9764453125,50000
403.69725155830383,0.08862590789794922,1308.9073512554169,15,0,1308.9073512554169,0.1737,4.42656953125,10000,1715.9376316070557,0.2543845663265306,3.8633628378109055,0.23366,3.9907625,50000
