accumulated_eval_time,accumulated_logging_time,accumulated_submission_time,global_step,preemption_count,score,test/loss,test/num_examples,total_duration,train/loss,validation/loss,validation/num_examples
743.0755236148834,0.0,5.625027894973755,1,0,5.625027894973755,35.52535157631579,95000000,749.0609304904938,34.59019918346086,34.40636407318798,83274637
1378.8023025989532,0.024878978729248,125.88318037986755,193,0,125.88318037986755,0.1566420299831992,95000000,1505.7824170589447,0.1493052877483003,0.1522409307123305,83274637
1996.6059713363647,0.0552148818969726,245.4558541774749,384,0,245.4558541774749,0.139640351617271,95000000,2243.863715648651,0.1367775738929489,0.1366882667419775,83274637
2614.785793066025,0.0781419277191162,365.08899188041687,579,0,365.08899188041687,0.1363421108694779,95000000,2982.4264721870422,0.133803324522205,0.1342260697625448,83274637
3232.790492534637,0.1008541584014892,485.0887861251831,775,0,485.0887861251831,0.1341127625996238,95000000,3721.162271976471,0.1297906251978213,0.1314799939709244,83274637
3842.157641410828,0.1221952438354492,605.3251416683197,972,0,605.3251416683197,0.1324475197089747,95000000,4451.504899740219,0.1290710810809182,0.1297562594696765,83274637
4438.188683509827,0.1513481140136718,725.2399702072144,1168,0,725.2399702072144,0.1319131757357948,95000000,5168.182292461395,0.1300011905476915,0.1296990031792712,83274637
5025.4088089466095,0.1802678108215332,845.4174432754517,1368,0,845.4174432754517,0.13086561824336804,95000000,5876.323532581329,0.12758788421115017,0.12833872351970968,83274637
