accumulated_eval_time,accumulated_logging_time,accumulated_submission_time,global_step,preemption_count,score,test/loss,test/num_examples,total_duration,train/loss,validation/loss,validation/num_examples
775.2150175571442,0.0,21.526036024093628,1,0,21.526036024093628,0.3223806629111842,95000000,796.7410926818848,0.3107314881101344,0.3111956891602091,83274637
1405.4559831619265,0.0283043384552001,141.95427870750427,179,0,141.95427870750427,0.1429686231393914,95000000,1547.444499254227,0.1389083501724702,0.1391185136902976,83274637
2030.3867230415344,0.0495669841766357,261.9868505001068,356,0,261.9868505001068,0.1382102707442434,95000000,2292.434734582901,0.1331741291701606,0.1346475106843793,83274637
2649.217258691788,0.0885963439941406,382.7273242473602,538,0,382.7273242473602,0.133198433747944,95000000,3032.050829648972,0.1308618292634217,0.1304155742461199,83274637
3248.525510787964,0.1112143993377685,502.7453246116638,719,0,502.7453246116638,0.1322315673519737,95000000,3751.405349969864,0.130459992835919,0.1292277053740996,83274637
3879.133625984192,0.13204288482666016,622.8368430137634,897,0,622.8368430137634,0.13107366474095394,95000000,4502.1316177845,0.12633222113099862,0.1285084939436039,83274637
