accumulated_eval_time,accumulated_logging_time,accumulated_submission_time,global_step,preemption_count,score,test/loss,test/num_examples,total_duration,train/loss,validation/loss,validation/num_examples
708.7299461364746,0.0,33.99364447593689,1,0,33.99364447593689,0.7458246683115106,95000000.0,743.0049984455109,0.7331810237331557,0.7206390345376741,83274637.0
1313.4632654190063,0.0211918354034423,162.91939544677734,6,0,162.91939544677734,0.1421118245966058,95000000.0,1477.2027282714844,0.1382008682987824,0.1387618828081842,83274637.0
1917.4417552948,0.0423920154571533,295.5161228179932,11,0,295.5161228179932,0.1385660253810682,95000000.0,2214.305932760238,0.1366728346004877,0.1351668334003219,83274637.0
2516.591737508774,0.0631604194641113,420.294177532196,16,0,420.294177532196,0.1338953635840165,95000000.0,2938.758751630783,0.130310449301251,0.1308035835347643,83274637.0
3117.150276184082,0.0863370895385742,552.2337565422058,21,0,552.2337565422058,0.132047074921096,95000000.0,3671.7749774456015,0.1290709807515692,0.1295759850820363,83274637.0
3709.50711107254,0.1071031093597412,686.777913570404,26,0,686.777913570404,0.1316184110786438,95000000.0,4399.203134298325,0.1276498799133124,0.1289409895157393,83274637.0
,,,26,0,686.777913570404,,,,,,
