accumulated_eval_time,accumulated_logging_time,accumulated_submission_time,global_step,preemption_count,score,test/loss,test/num_examples,total_duration,train/loss,validation/loss,validation/num_examples
764.8058559894562,0.0,35.828837394714355,1,0,35.828837394714355,0.6949654278585333,95000000,800.9326314926147,0.6718602118646855,0.6742507969515154,83274637
1393.0363841056824,0.0203533172607421,170.2762234210968,6,0,170.2762234210968,2.0455237397550885,95000000,1564.3387954235077,2.006493657993744,1.9888721457243863,83274637
2012.402055978775,0.0436124801635742,309.583046913147,11,0,309.583046913147,0.1419096509386966,95000000,2323.585182905197,0.1395197937693047,0.1386348527068781,83274637
2650.2088935375214,0.0643997192382812,452.40877199172974,16,0,452.40877199172974,0.1365363566610637,95000000,3104.7767436504364,0.1339625297537956,0.1335561074452739,83274637
3281.9732542037964,0.090787649154663,596.648407459259,21,0,596.648407459259,0.1331001944959138,95000000,3881.496372461319,0.1299489722495556,0.130485725927531,83274637
3930.711593151093,0.1131978034973144,738.3737137317657,26,0,738.3737137317657,0.132425968535092,95000000,4672.593958854675,0.1270413224661575,0.1297343347415386,83274637
4556.230651378632,0.1334517002105713,878.309504032135,31,0,878.309504032135,0.131807397312084,95000000,5438.74006819725,0.1272497313967795,0.12901357124296567,83274637
