accumulated_eval_time,accumulated_logging_time,accumulated_submission_time,global_step,preemption_count,score,test/loss,test/num_examples,total_duration,train/loss,validation/loss,validation/num_examples
22.940988063812256,0.0,6.8486151695251465,1,0,6.8486151695251465,0.8503762558388158,95000000,29.7896420955658,0.8511435003400599,0.8368172592574615,83274637
46.15982985496521,0.0164775848388671,1207.200139045715,1449,0,1207.200139045715,0.1288335008429276,95000000,1253.4234926700592,0.1247445426459582,0.1263358464114349,83274637
69.51145839691162,0.0471649169921875,2407.3030784130096,2902,0,2407.3030784130096,0.127538362212171,95000000,2476.957149028778,0.1248290022870279,0.1252497090872188,83274637
92.86380171775818,0.0749769210815429,3607.4585297107697,4360,0,3607.4585297107697,0.1276699252775493,95000000,3700.541118383408,0.1203188492254641,0.125343374217065,83274637
116.2890477180481,0.0992734432220459,4807.7600038051605,5807,0,4807.7600038051605,0.1270645124074835,95000000,4924.339218616486,0.1236309918967433,0.1247165121048501,83274637
139.70729041099548,0.125040054321289,6008.246784925461,7266,0,6008.246784925461,0.1265238842413651,95000000,6148.317304372788,0.1234794400585522,0.1241732019366983,83274637
163.13494968414307,0.14997386932373047,7208.619827270508,8726,0,7208.619827270508,0.1261491125102796,95000000,7372.189644575119,0.12205807630370998,0.12379505464888726,83274637
