accumulated_eval_time,accumulated_logging_time,accumulated_submission_time,global_step,preemption_count,score,test/accuracy,test/loss,test/num_examples,total_duration,train/accuracy,train/loss,validation/accuracy,validation/loss,validation/num_examples
34.81971049308777,0,110.89414668083191,1,0,110.89414668083191,0.0009000000427477062,6.913031578063965,10000,145.7139549255371,0.0008171236841008067,6.914125919342041,0.000859999970998615,6.913486480712891,50000
