accumulated_eval_time,accumulated_logging_time,accumulated_submission_time,global_step,preemption_count,score,test/loss,test/num_examples,total_duration,train/loss,validation/loss,validation/num_examples
724.1970086097717,0.0,34.47088384628296,1,0,34.47088384628296,0.5964405538458574,95000000.0,758.9637780189514,0.5780593010551308,0.577586520208335,83274637.0
1326.046150445938,0.0196499824523925,168.44018054008484,6,0,168.44018054008484,0.1520293515938206,95000000.0,1495.327520608902,0.1495910982960278,0.1483892976671262,83274637.0
1929.8039326667783,0.0442097187042236,305.2520079612732,11,0,305.2520079612732,0.13945963420631,95000000.0,2236.461071491241,0.1363958069267157,0.1364592421371143,83274637.0
2526.271159172058,0.0655643939971923,441.1141090393066,16,0,441.1141090393066,0.1350021017110724,95000000.0,2969.3249130249023,0.1339282377613127,0.1324360290472224,83274637.0
3121.742300271988,0.0864660739898681,577.2626979351044,21,0,577.2626979351044,0.132085710360276,95000000.0,3701.506114721298,0.1287917765105678,0.1295858824601896,83274637.0
3724.644839525223,0.1071217060089111,711.1445500850677,26,0,711.1445500850677,0.1331147639599448,95000000.0,4438.807904720306,0.1290151898110823,0.1301716427536532,83274637.0
4323.9036746025085,0.1275115013122558,844.7296943664551,31,0,844.7296943664551,0.1322713388459456,95000000.0,5172.18320441246,0.1294461443101224,0.1298317355901699,83274637.0
4911.271787643433,0.1476032733917236,981.2264323234558,36,0,981.2264323234558,0.1308341241571125,95000000.0,5896.566093444824,0.1276528282404241,0.1284402613849498,83274637.0
,,,36,0,981.2264323234558,,,,,,
