accumulated_eval_time,accumulated_logging_time,accumulated_submission_time,global_step,preemption_count,score,test/ctc_loss,test/num_examples,test/wer,total_duration,train/ctc_loss,train/wer,validation/ctc_loss,validation/num_examples,validation/wer
28.84929990768433,0.0,382.8250000476837,1,0,382.8250000476837,6.048278921220724,2472,0.899579550301627,412.1828970909119,5.979796607867439,0.9413976912260048,6.066334435277276,5348,0.8967218654950997
56.65234041213989,0.0592274665832519,1886.1088047027588,5,0,1886.1088047027588,5.075694399638686,2472,0.8963703207198424,1944.317883491516,5.104071662620329,0.9370210493039886,5.249440394564999,5348,0.8947424322889007
87.85349202156067,0.1599414348602295,3391.9831643104553,9,0,3391.9831643104553,0.9362827843731854,2472,0.2916336603497654,3482.5044224262238,1.0250967725505509,0.3182031241483807,1.2149917942849608,5348,0.3440254912373871
