accumulated_eval_time,accumulated_logging_time,accumulated_submission_time,global_step,preemption_count,score,test/accuracy,test/loss,test/num_examples,total_duration,train/accuracy,train/loss,validation/accuracy,validation/loss,validation/num_examples
201.57088923454285,0.0,186.8093945980072,1,0,186.8093945980072,0.0009,430.3452,10000,389.0367317199707,0.0010562818877551,73.22558095503827,0.00108,90.24143,50000
308.310453414917,0.05097198486328125,747.9975657463074,8,0,747.9975657463074,0.0489,6.029974609375,10000,1058.463941335678,0.07491629464285714,5.224634287308674,0.0717,5.28966375,50000
