accumulated_eval_time,accumulated_logging_time,accumulated_submission_time,global_step,preemption_count,score,test/ctc_loss,test/num_examples,test/wer,total_duration,train/ctc_loss,train/wer,validation/ctc_loss,validation/num_examples,validation/wer
27.57455611228943,0.0,384.1386168003082,1,0,384.1386168003082,7.003573617652751,2472,0.899579550301627,412.1468036174774,6.785670751486139,0.9412185988027226,6.986382672794856,5348,0.8967218654950997
57.56140875816345,0.05528879165649414,1895.270439863205,5,0,1895.270439863205,2.9804233337634685,2472,0.6457051164869092,1954.2604818344116,3.165017131999194,0.6869474892709728,3.2924852760196908,5348,0.6769661565200599
