accumulated_eval_time,accumulated_logging_time,accumulated_submission_time,global_step,preemption_count,score,test/ctc_loss,test/num_examples,test/wer,total_duration,train/ctc_loss,train/wer,validation/ctc_loss,validation/num_examples,validation/wer
28.49559164047241,0.0,380.0057227611542,1,0,380.0057227611542,6.036897138525066,2472,0.899579550301627,408.9500911235809,5.976556058660539,0.9418647403594524,6.054432027953586,5348,0.8967218654950997
55.685816526412964,0.04653429985046387,1874.134669303894,5,0,1874.134669303894,5.113876701722692,2472,0.8729510694046676,1931.298178434372,5.185148171926742,0.9097097562558124,5.3254368532750656,5348,0.8742818519770192
