accumulated_eval_time,accumulated_logging_time,accumulated_submission_time,global_step,preemption_count,score,test/loss,test/num_examples,total_duration,train/loss,validation/loss,validation/num_examples
804.5006673336029,0.0,5.653753280639648,1,0,5.653753280639648,21.87337782373561,95000000,810.4877872467041,21.53536699259349,21.091200661393213,83274637
1439.778650045395,0.0282976627349853,125.5366222858429,182,0,125.5366222858429,0.1486011104700189,95000000,1566.38889670372,0.1462468566437485,0.1448017623485192,83274637
2062.786731481552,0.0688693523406982,245.61217784881592,368,0,245.61217784881592,0.1415919223540456,95000000,2310.219098567962,0.13928161506852,0.13837333111656,83274637
2679.242435216904,0.0917119979858398,365.33279943466187,549,0,365.33279943466187,0.1393140753562124,95000000,3047.043790578842,0.1362748505492126,0.1361193067786925,83274637
3295.766898870468,0.1139860153198242,485.2371952533722,737,0,485.2371952533722,0.1402094060325622,95000000,3784.17931842804,0.1349056982063343,0.1365692840499707,83274637
3907.950956583023,0.1352424621582031,605.0074977874756,917,0,605.0074977874756,0.1340841326700311,95000000,4516.833153009415,0.1296034011125569,0.1314383358717427,83274637
4517.865334510803,0.1564300060272216,724.7772915363312,1094,0,724.7772915363312,0.1327479352594877,95000000,5247.1999168396,0.1314042036805632,0.1303510899013801,83274637
5130.870703697205,0.1780240535736084,844.5496776103973,1273,0,844.5496776103973,0.13180899574528745,95000000,5980.680080652237,0.12981439302199962,0.12939337534881318,83274637
