accumulated_eval_time,accumulated_logging_time,accumulated_submission_time,global_step,preemption_count,score,test/accuracy,test/loss,test/num_examples,total_duration,train/accuracy,train/loss,validation/accuracy,validation/loss,validation/num_examples
194.3658776283264,0.0,188.40464520454407,1,0,188.40464520454407,0.001,154.3067875,10000,383.41922068595886,0.0010363520408163,33.62841298628827,0.00088,46.316575,50000
295.3517441749573,0.0467503070831298,752.5500595569611,8,0,752.5500595569611,0.0567,9.3214171875,10000,1049.9352412223816,0.0855189732142857,6.763464480030294,0.08124,8.189290625,50000
400.54286098480225,0.0953664779663086,1312.1025228500366,15,0,1312.1025228500366,0.1588,4.81167734375,10000,1716.005839586258,0.23170440051020408,4.149250886878189,0.21206,4.3378725,50000
