accumulated_eval_time,accumulated_logging_time,accumulated_submission_time,global_step,preemption_count,score,test/ctc_loss,test/num_examples,test/wer,total_duration,train/ctc_loss,train/wer,validation/ctc_loss,validation/num_examples,validation/wer
27.357227563858032,0.0,384.44855070114136,1,0,384.44855070114136,6.084653042131751,2472,0.899579550301627,412.2765941619873,5.999066310651542,0.9415655349699188,6.107018064345992,5348,0.8967218654950997
61.92987513542175,0.047330617904663086,1892.2483305931091,5,0,1892.2483305931091,1.5083922753080843,2472,0.4260963175106128,1955.7702736854553,1.6719085358594534,0.45995945674208294,1.831636661455194,5348,0.4666151692173997
