accumulated_eval_time,accumulated_logging_time,accumulated_submission_time,global_step,preemption_count,score,test/loss,test/num_examples,total_duration,train/loss,validation/loss,validation/num_examples
780.002818107605,0.0,5.650236368179321,1,0,5.650236368179321,8.027442975696443,95000000,786.022750377655,7.981261699641288,8.011785927150614,83274637
1439.8718190193176,0.0301594734191894,125.77414226531982,188,0,125.77414226531982,0.8930029758464613,95000000,1566.7631468772888,0.8614155596802636,0.8648583578231411,83274637
2088.2223279476166,0.0524601936340332,245.70097088813785,373,0,245.70097088813785,2.669036103268272,95000000,2335.7830789089203,2.6241283779654205,2.605889561370496,83274637
2727.4330508708954,0.0735325813293457,365.3200824260712,555,0,365.3200824260712,0.1424148634976035,95000000,3095.3134548664093,0.1393028747816406,0.1391785367562037,83274637
3378.7346029281616,0.0949208736419677,485.1689336299896,735,0,485.1689336299896,0.1349811759818227,95000000,3867.2075486183167,0.1310428570275409,0.1323358454674396,83274637
4017.561813592911,0.116330862045288,604.9428689479828,923,0,604.9428689479828,0.1329038010744596,95000000,4626.524444818497,0.1285918945282717,0.1304112823805741,83274637
4659.563262939453,0.1374263763427734,725.2746694087982,1104,0,725.2746694087982,0.1322733108998348,95000000,5389.57418346405,0.1278322315374515,0.1295211687470447,83274637
5286.236998796463,0.16021037101745605,845.3612585067749,1285,0,845.3612585067749,0.13128961731342517,95000000,6137.115032196045,0.12852832533660255,0.1286979691216141,83274637
