accumulated_eval_time,accumulated_logging_time,accumulated_submission_time,global_step,preemption_count,score,test/loss,test/num_examples,total_duration,train/loss,validation/loss,validation/num_examples
776.359787940979,0.0,22.78926682472229,1,0,22.78926682472229,1.418060945723684,95000000,799.1490912437439,1.4176184289485405,1.457646322620716,83274637
1398.1360211372375,0.0286619663238525,143.29710578918457,178,0,143.29710578918457,0.150132758254523,95000000,1541.4674406051636,0.1462896375348732,0.1463223284552939,83274637
2016.381766796112,0.0499043464660644,263.7920083999634,355,0,263.7920083999634,0.1358657225123355,95000000,2280.234285593033,0.1347621702032644,0.1333042948791426,83274637
2627.8966207504272,0.0700798034667968,383.8103988170624,532,0,383.8103988170624,0.13213481953125,95000000,3011.792568206787,0.1287292529764415,0.129453188892034,83274637
3224.266953229904,0.09132742881774902,504.07950139045715,711,0,504.07950139045715,0.13128519699835525,95000000,3728.458174228668,0.12946150276177334,0.12869272933981687,83274637
