accumulated_eval_time,accumulated_logging_time,accumulated_submission_time,global_step,preemption_count,score,test/accuracy,test/loss,test/num_examples,total_duration,train/accuracy,train/loss,validation/accuracy,validation/loss,validation/num_examples
193.04891157150269,0.0,183.43806314468384,1,0,183.43806314468384,0.0018,37.236578125,10000,377.1452984809876,0.0021324936224489,21.02087651466837,0.00212,21.5980225,50000
293.4217736721039,0.03634071350097656,737.6572458744049,8,0,737.6572458744049,0.0274,6.373515625,10000,1033.0826573371887,0.04255022321428571,5.982861577248086,0.0413,6.056055,50000
