accumulated_eval_time,accumulated_logging_time,accumulated_submission_time,global_step,preemption_count,score,test/loss,test/num_examples,total_duration,train/loss,validation/loss,validation/num_examples
828.2407112121582,0.0,6.032655954360962,1,0,6.032655954360962,0.5518522832662482,95000000,834.5833523273468,0.5432944681082077,0.5326805266270515,83274637
1558.9167594909668,0.029822826385498,126.1667664051056,174,0,126.1667664051056,0.1373594855490835,95000000,1686.1154170036316,0.1338025931946489,0.1336303990078908,83274637
2303.227022409439,0.05160951614379883,246.4158968925476,339,0,246.4158968925476,0.13188318396124588,95000000,2551.373049020767,0.12721262327877256,0.12940713380162486,83274637
