accumulated_eval_time,accumulated_logging_time,accumulated_submission_time,global_step,preemption_count,score,test/loss,test/num_examples,total_duration,train/loss,validation/loss,validation/num_examples
23.58468270301819,0.0,10.75713872909546,1,0,10.75713872909546,1.4304000075657894,95000000,34.341859579086304,1.4337054273617342,1.4362856491647031,83274637
46.91381072998047,0.0168337821960449,1211.3138971328735,1572,0,1211.3138971328735,0.1303131156044407,95000000,1258.2950251102448,0.1265038961322052,0.127829931325984,83274637
70.30175566673279,0.0495638847351074,2411.7911608219147,3142,0,2411.7911608219147,0.1290893441817434,95000000,2482.243385076523,0.1244474422163183,0.126649338049276,83274637
93.77342009544373,0.0763008594512939,3612.302192211151,4708,0,3612.302192211151,0.1289756095394736,95000000,3706.302929162979,0.1259222536248231,0.1265413713616668,83274637
117.2350254058838,0.0988669395446777,4812.724192380905,6273,0,4812.724192380905,0.1282635965666118,95000000,4930.258996486664,0.1249257370642146,0.1258258503801703,83274637
140.89888453483582,0.1265327930450439,6012.717984199524,7843,0,6012.717984199524,0.1277762155427631,95000000,6153.993502378464,0.1228185809633267,0.1255565211139857,83274637
164.4432864189148,0.15661191940307617,7212.904576063156,9407,0,7212.904576063156,0.12744218587582237,95000000,7377.8041071891785,0.12321212395744503,0.12525525690110484,83274637
