accumulated_eval_time,accumulated_logging_time,accumulated_submission_time,global_step,preemption_count,score,test/ctc_loss,test/num_examples,test/wer,total_duration,train/ctc_loss,train/wer,validation/ctc_loss,validation/num_examples,validation/wer
26.75658917427063,0.0,382.3166060447693,1,0,382.3166060447693,5.990701012968579,2472,0.899579550301627,409.52600955963135,5.953567294538567,0.9416543213896168,6.0045886860809725,5348,0.8967218654950997
55.010568141937256,0.0451624393463134,1887.44869184494,5,0,1887.44869184494,5.116423640234854,2472,0.789043933946743,1943.786805391312,5.171706388135496,0.8230365582995534,5.248647685603777,5348,0.7973350070004345
85.05434536933899,0.1507246494293213,3390.8312113285065,9,0,3390.8312113285065,1.4255847151429124,2472,0.4092783295756911,3478.1767399311066,1.576417400447397,0.4464540565766411,1.7475637934498691,5348,0.4596147347076715
114.90577793121338,0.2547969818115234,4892.587275266647,13,0,4892.587275266647,0.7133525247596619,2472,0.2323644709849085,5010.837389707565,0.7965179395810491,0.2606725598406781,1.008790141682992,5348,0.296866702071163
144.82430410385132,0.37110376358032227,6396.534369945526,17,0,6396.534369945526,0.5668782058519904,2472,0.18855239371965957,6545.825003862381,0.6164550010522992,0.2079378774805867,0.8348114216018686,5348,0.24821126828561774
