accumulated_eval_time,accumulated_logging_time,accumulated_submission_time,global_step,preemption_count,score,test/accuracy,test/loss,test/num_examples,total_duration,train/accuracy,train/loss,validation/accuracy,validation/loss,validation/num_examples
191.64316987991333,0.0,184.4365246295929,1,0,184.4365246295929,0.0048,6.84947578125,10000,376.7348611354828,0.0077925701530612,6.824112872688138,0.00718,6.834514375,50000
297.9426965713501,0.03360319137573242,741.4190583229065,8,0,741.4190583229065,0.0755,5.2514796875,10000,1041.4608716964722,0.1278698979591837,4.726432955994898,0.1143,4.809774375,50000
