accumulated_eval_time,accumulated_logging_time,accumulated_submission_time,global_step,preemption_count,score,test/ctc_loss,test/num_examples,test/wer,total_duration,train/ctc_loss,train/wer,validation/ctc_loss,validation/num_examples,validation/wer
28.212125062942505,0.0,386.9827103614807,1,0,386.9827103614807,6.035448254726111,2472,0.899579550301627,415.70226407051086,5.974989487641197,0.9417061996801216,6.053660510222021,5348,0.8967218654950997
55.62524914741516,0.0470690727233886,1908.7219531536105,5,0,1908.7219531536105,4.960264775146784,2472,0.8955578575345805,1965.84063911438,5.034659416530175,0.9374556100734636,5.16877872588909,5348,0.8944141360498238
86.72426462173462,0.13767266273498535,3432.0271639823914,9,0,3432.0271639823914,1.0163693020517452,2472,0.31267645684804907,3521.2621932029724,1.1014416131723246,0.3418417414405378,1.281015719183243,5348,0.3640708733645537
