accumulated_eval_time,accumulated_logging_time,accumulated_submission_time,global_step,preemption_count,score,test/accuracy,test/loss,test/num_examples,total_duration,train/accuracy,train/loss,validation/accuracy,validation/loss,validation/num_examples
190.51384663581848,0.0,185.8782274723053,1,0,185.8782274723053,0.006,6.8525265625,10000,377.09520053863525,0.0087890625,6.819619315011161,0.00794,6.8285725,50000
291.2355208396912,0.0325262546539306,748.5821180343628,8,0,748.5821180343628,0.0823,5.229930078125,10000,1041.866795539856,0.1294244260204081,4.6192673663703765,0.11662,4.70768375,50000
392.30002760887146,0.07762336730957031,1307.4153208732605,15,0,1307.4153208732605,0.1665,4.48728515625,10000,1703.1201241016388,0.2561184630102041,3.6135867371851083,0.2326,3.7928778125,50000
