accumulated_eval_time,accumulated_logging_time,accumulated_submission_time,global_step,preemption_count,score,test/accuracy,test/loss,test/num_examples,total_duration,train/accuracy,train/loss,validation/accuracy,validation/loss,validation/num_examples
223.21532487869263,0.0,191.1805007457733,1,0,191.1805007457733,0.001,12.88591796875,10000,415.1258013248444,0.0009367028061224,15.278362663424744,0.00102,14.775185,50000
332.8667206764221,0.07957339286804199,757.4137105941772,8,0,757.4137105941772,0.0776,5.7881765625,10000,1092.5364072322845,0.11286272321428571,5.346706468231824,0.10538,5.60736375,50000
