accumulated_eval_time,accumulated_logging_time,accumulated_submission_time,global_step,preemption_count,score,test/loss,test/num_examples,total_duration,train/loss,validation/loss,validation/num_examples
786.381441116333,0.0,21.051559448242188,1,0,21.051559448242188,0.7639295337993421,95000000,807.4330403804779,0.7397792629850736,0.740932059222756,83274637
1437.1138365268707,0.0257844924926757,141.53160548210144,179,0,141.53160548210144,0.1391669768092105,95000000,1578.6775908470154,0.1347666643325637,0.1360207091002352,83274637
2064.104193210602,0.0464651584625244,262.2678129673004,357,0,262.2678129673004,0.1335109158100328,95000000,2326.431503534317,0.129608292132616,0.1303122562859948,83274637
2684.572786092758,0.0672559738159179,382.8581717014313,538,0,382.8581717014313,0.1322840964535361,95000000,3067.518595695496,0.129209157138032,0.1297248103899533,83274637
3297.8914756774902,0.09065079689025879,503.14473366737366,725,0,503.14473366737366,0.13113979037828946,95000000,3801.153741836548,0.128936550562393,0.12858343237537545,83274637
