accumulated_eval_time,accumulated_logging_time,accumulated_submission_time,global_step,preemption_count,score,test/loss,test/num_examples,total_duration,train/loss,validation/loss,validation/num_examples
23.887638092041016,0.0,8.39577031135559,1,0,8.39577031135559,1.4304000075657894,95000000,32.28345036506653,1.43200772588358,1.4362856491647031,83274637
47.977450370788574,0.0216898918151855,1208.579719543457,1561,0,1208.579719543457,0.1286155716282894,95000000,1256.6280035972595,0.1241190385706019,0.126068966683097,83274637
71.97217869758606,0.0454006195068359,2409.1619799137115,3120,0,2409.1619799137115,0.1275237811677631,95000000,2481.277796983719,0.1219553778287749,0.1251237364201149,83274637
96.27212071418762,0.067652940750122,3609.516376018524,4675,0,3609.516376018524,0.1271377513877467,95000000,3706.00306725502,0.1247881331814909,0.1247766316066319,83274637
120.16617894172668,0.0943412780761718,4809.829132318497,6249,0,4809.829132318497,0.126851994479852,95000000,4930.28603053093,0.1216472861995487,0.1244648572252257,83274637
144.250905752182,0.1217975616455078,6010.202363729477,7807,0,6010.202363729477,0.1262959415398848,95000000,6154.81906747818,0.1212042370494806,0.1239554453397827,83274637
168.61068296432495,0.14651250839233398,7210.605008363724,9372,0,7210.605008363724,0.1259698988486842,95000000,7379.654276371002,0.12050866869822988,0.12360823817295655,83274637
