accumulated_eval_time,accumulated_logging_time,accumulated_submission_time,global_step,preemption_count,score,test/ctc_loss,test/num_examples,test/wer,total_duration,train/ctc_loss,train/wer,validation/ctc_loss,validation/num_examples,validation/wer
28.187840700149536,0.0,384.4222631454468,1,0,384.4222631454468,6.05069036712046,2472,0.899579550301627,413.10091972351074,5.984016824841683,0.9413976912260048,6.068551665787624,5348,0.8967218654950997
55.603251218795776,0.05914902687072754,1892.7484316825867,5,0,1892.7484316825867,4.735195012581457,2472,0.8830662360611785,1949.9145774841309,4.7839349077265245,0.9227356464676194,4.9307439220413904,5348,0.8853763337034712
