accumulated_eval_time,accumulated_logging_time,accumulated_submission_time,global_step,preemption_count,score,test/accuracy,test/loss,test/num_examples,total_duration,train/accuracy,train/loss,validation/accuracy,validation/loss,validation/num_examples
190.20736646652225,0.0,182.68211150169373,1,0,182.68211150169373,0.0014,16.4276265625,10000,373.4551646709442,0.0010363520408163,15.81027533083546,0.0011,13.62698125,50000
293.24737429618835,0.03275036811828613,738.8083746433258,8,0,738.8083746433258,0.0656,6.66214453125,10000,1033.99875497818,0.09337133290816327,5.881396235251914,0.09046,5.791889375,50000
