accumulated_eval_time,accumulated_logging_time,accumulated_submission_time,global_step,preemption_count,score,test/ctc_loss,test/num_examples,test/wer,total_duration,train/ctc_loss,train/wer,validation/ctc_loss,validation/num_examples,validation/wer
30.46203684806824,0.0,388.2721328735352,1,0,388.2721328735352,6.047165946190077,2472,0.899579550301627,419.15703105926514,5.977533622288512,0.9420436720767144,6.0656594553697,5348,0.8967218654950997
57.90214252471924,0.04337167739868164,1916.3240895271301,5,0,1916.3240895271301,4.716000629072844,2472,0.8280624784189466,1975.622775554657,4.765284585941644,0.8660352847956274,4.925659596644565,5348,0.8487906145898712
