accumulated_eval_time,accumulated_logging_time,accumulated_submission_time,global_step,preemption_count,score,test/accuracy,test/loss,test/num_examples,total_duration,train/accuracy,train/loss,validation/accuracy,validation/loss,validation/num_examples
187.2840950489044,0.0,188.151303768158,1,0,188.151303768158,0.0009,15.919021875,10000,376.07809805870056,0.0008968431122448,12.55214395328444,0.0009,14.02873875,50000
288.1400752067566,0.0343961715698242,755.4649424552917,8,0,755.4649424552917,0.1081,4.915408984375,10000,1045.5667595863342,0.1534398915816326,4.377072081273916,0.1458,4.4572840625,50000
391.4117889404297,0.08413171768188477,1319.1505513191223,15,0,1319.1505513191223,0.2335,7.97963828125,10000,1713.819180727005,0.33573820153061223,7.369158686423789,0.30642,6.75966625,50000
