accumulated_eval_time,accumulated_logging_time,accumulated_submission_time,global_step,preemption_count,score,test/accuracy,test/loss,test/num_examples,total_duration,train/accuracy,train/loss,validation/accuracy,validation/loss,validation/num_examples
203.58811020851132,0.0,188.67896389961243,1,0,188.67896389961243,0.0015,53.8621875,10000,392.8851101398468,0.0021723533163265,64.84629603794643,0.00196,65.73762,50000
310.99211502075195,0.04532599449157715,752.4006245136261,8,0,752.4006245136261,0.0721,5.332097265625,10000,1065.559805393219,0.10202088647959184,4.907054667570153,0.0958,4.9673759375,50000
