accumulated_eval_time,accumulated_logging_time,accumulated_submission_time,global_step,preemption_count,score,test/loss,test/num_examples,total_duration,train/loss,validation/loss,validation/num_examples
700.6580016613007,0.0,5.461050510406494,1,0,5.461050510406494,0.2475797912017019,95000000,706.4746150970459,0.2438002842126299,0.2434969779570946,83274637
1304.6894578933716,0.02653169631958,125.15155482292175,203,0,125.15155482292175,0.1395974481051796,95000000,1430.8998205661774,0.1358474401515999,0.1367299142952331,83274637
1899.835807800293,0.062967300415039,244.91635274887085,406,0,244.91635274887085,0.1330141320187217,95000000,2146.462949037552,0.1294161764746918,0.1302960907132142,83274637
2498.0404045581818,0.08478784561157227,365.1192994117737,608,0,365.1192994117737,0.13157497336562307,95000000,2865.5108087062836,0.13055587707524569,0.1290115351681581,83274637
