accumulated_eval_time,accumulated_logging_time,accumulated_submission_time,global_step,preemption_count,score,test/loss,test/num_examples,total_duration,train/loss,validation/loss,validation/num_examples
23.35980772972107,0.0,7.76143741607666,1,0,7.76143741607666,1.935666459868421,95000000,31.12129282951355,1.9410717689766075,1.9358978405093497,83274637
46.8170804977417,0.0173287391662597,1207.9450919628143,1582,0,1207.9450919628143,0.129340027004523,95000000,1254.834327459335,0.1264749140765682,0.1268752321591477,83274637
70.06981062889099,0.0448534488677978,2408.0768604278564,3155,0,2408.0768604278564,0.1288723985505756,95000000,2478.300882339477,0.1282728528076747,0.1264550960775277,83274637
93.45115494728088,0.0772325992584228,3608.667380094528,4714,0,3608.667380094528,0.1285579802939967,95000000,3702.358438491821,0.1235556017209149,0.1262055205844067,83274637
116.82978343963624,0.1034748554229736,4808.601121664047,6291,0,4808.601121664047,0.128158624712171,95000000,4925.750586509705,0.1249372579110493,0.1257300233056704,83274637
140.28748774528503,0.1268806457519531,6008.591290950775,7860,0,6008.591290950775,0.1276957903988486,95000000,6149.275065660477,0.1231481592235325,0.1253708214246704,83274637
163.62042808532715,0.15410614013671875,7208.594350337982,9424,0,7208.594350337982,0.12746233430304277,95000000,7372.690581083298,0.12338893696572045,0.12513344769781165,83274637
