accumulated_eval_time,accumulated_logging_time,accumulated_submission_time,global_step,preemption_count,score,test/loss,test/num_examples,total_duration,train/loss,validation/loss,validation/num_examples
836.8913085460663,0.0,19.60775661468506,1,0,19.60775661468506,17.728711911842105,95000000,856.499119758606,17.805884046374626,17.668862909603558,83274637
1502.8998894691467,0.0272352695465087,139.9863679409027,172,0,139.9863679409027,0.1448733997430098,95000000,1642.91969537735,0.1396794791022936,0.1414973248667069,83274637
2134.4053814411163,0.0481655597686767,260.79863476753235,339,0,260.79863476753235,0.1374190532586348,95000000,2395.264035701752,0.133621192051086,0.1342301267678259,83274637
2757.6931240558624,0.0689337253570556,381.1466925144196,503,0,381.1466925144196,0.1324801424342105,95000000,3138.926765680313,0.1302577284686033,0.129717962812915,83274637
3400.170083761215,0.09927582740783691,501.75605392456055,676,0,501.75605392456055,0.13159730200452302,95000000,3902.049329996109,0.12731009355084327,0.12895578938164196,83274637
