accumulated_eval_time,accumulated_logging_time,accumulated_submission_time,global_step,preemption_count,score,test/accuracy,test/loss,test/num_examples,total_duration,train/accuracy,train/loss,validation/accuracy,validation/loss,validation/num_examples
186.8853714466095,0.0,185.90335083007807,1,0,185.90335083007807,0.0071,6.7630890625,10000,373.46515107154846,0.0091079400510204,6.725339305644133,0.00988,6.735441875,50000
285.7807462215424,0.0321192741394043,751.3501861095428,8,0,751.3501861095428,0.0878,5.13370625,10000,1039.1790564060211,0.1443917410714285,4.597316819794324,0.1308,4.673249375,50000
385.1584951877594,0.0748598575592041,1314.1610872745514,15,0,1314.1610872745514,0.1916,4.227089453125,10000,1702.6475157737732,0.2850366709183674,3.5846881477200254,0.26116,3.7174065625,50000
