accumulated_eval_time,accumulated_logging_time,accumulated_submission_time,global_step,preemption_count,score,test/accuracy,test/loss,test/num_examples,total_duration,train/accuracy,train/loss,validation/accuracy,validation/loss,validation/num_examples
193.8545818328857,0.0,184.7192621231079,1,0,184.7192621231079,0.0078,6.7591203125,10000,379.1745264530182,0.0111607142857142,6.722722890425701,0.00962,6.73515125,50000
299.9468364715576,0.03615140914916992,739.0278789997101,8,0,739.0278789997101,0.0916,5.07825703125,10000,1040.9687695503235,0.1524035395408163,4.5152130126953125,0.1345,4.6263784375,50000
