accumulated_eval_time,accumulated_logging_time,accumulated_submission_time,global_step,preemption_count,score,test/accuracy,test/loss,test/num_examples,total_duration,train/accuracy,train/loss,validation/accuracy,validation/loss,validation/num_examples
35.0609347820282,0,104.25989127159119,1,0,104.25989127159119,0.0009000000427477062,6.911620616912842,10000,139.32092094421387,0.000996492337435484,6.910815715789795,0.0009800000116229057,6.911379337310791,50000
