accumulated_eval_time,accumulated_logging_time,accumulated_submission_time,global_step,preemption_count,score,test/loss,test/num_examples,total_duration,train/loss,validation/loss,validation/num_examples
745.3768422603607,0.0,5.342073678970337,1,0,5.342073678970337,19.637978270112047,95000000.0,751.0388317108154,19.030093923518912,19.056372157680777,83274637.0
1352.5047025680542,0.0254271030426025,124.96533155441284,192,0,124.96533155441284,0.1482680920463963,95000000.0,1478.3874776363373,0.1470309287544538,0.14452486287897,83274637.0
1951.1592886447904,0.0602355003356933,245.2652711868286,382,0,245.2652711868286,0.1411767173481991,95000000.0,2198.021800994873,0.1357544101670255,0.1377560419050646,83274637.0
2552.2387189865112,0.0802760124206543,364.9979567527771,572,0,364.9979567527771,0.1400073390825773,95000000.0,2919.499755859375,0.1374854602159856,0.1365452542797924,83274637.0
3152.328442335129,0.1026828289031982,484.638929605484,762,0,484.638929605484,0.1412626414277729,95000000.0,3640.018175840378,0.139273052468706,0.1374985848735047,83274637.0
3759.035775661469,0.1227543354034423,604.3811435699463,958,0,604.3811435699463,0.1360497243780035,95000000.0,4367.040390014648,0.1336764258989588,0.1330119109394917,83274637.0
4355.553005933762,0.1500344276428222,724.1116299629211,1161,0,724.1116299629211,0.1330066607215078,95000000.0,5083.952570676804,0.1293375563868982,0.1300042566740879,83274637.0
4950.017741203308,0.1703126430511474,843.812004327774,1354,0,843.812004327774,0.1314982967862179,95000000.0,5798.71901011467,0.1269829800413284,0.1288590004673108,83274637.0
,,,1354,0,843.812004327774,,,,,,
