accumulated_eval_time,accumulated_logging_time,accumulated_submission_time,global_step,preemption_count,score,test/accuracy,test/loss,test/num_examples,total_duration,train/accuracy,train/loss,validation/accuracy,validation/loss,validation/num_examples
206.1695065498352,0.0,188.83508038520813,1,0,188.83508038520813,0.0012,67.41875,10000,395.62659430503845,0.0012755102040816,49.58710339604592,0.00104,46.968775,50000
314.96704626083374,0.0470738410949707,754.5889966487885,8,0,754.5889966487885,0.054,11.73054296875,10000,1071.5003099441528,0.0772281568877551,10.580742038026148,0.07654,10.701755,50000
