accumulated_eval_time,accumulated_logging_time,accumulated_submission_time,global_step,preemption_count,score,test/accuracy,test/loss,test/num_examples,total_duration,train/accuracy,train/loss,validation/accuracy,validation/loss,validation/num_examples
191.836656332016,0.0,184.5746068954468,1,0,184.5746068954468,0.001,26.17985625,10000,377.11358189582825,0.0011160714285714,21.716184032206638,0.00106,24.1975925,50000
297.68333435058594,0.03515005111694336,744.6228129863739,8,0,744.6228129863739,0.0556,6.7259015625,10000,1044.3997583389282,0.08340640943877552,5.900588055046237,0.08006,5.817485,50000
