accumulated_eval_time,accumulated_logging_time,accumulated_submission_time,global_step,preemption_count,score,test/loss,test/num_examples,total_duration,train/loss,validation/loss,validation/num_examples
847.1024813652039,0.0,6.355242967605591,1,0,6.355242967605591,14.044295329451067,95000000.0,853.8122191429138,13.633654330691648,13.567412713261954,83274637.0
1534.5222742557526,0.0286765098571777,126.48949670791626,178,0,126.48949670791626,0.1475228448574668,95000000.0,1662.0642807483673,0.1436342508726323,0.1440220072272028,83274637.0
2234.690875530243,0.0645973682403564,246.47108960151672,354,0,246.47108960151672,0.1468576926077592,95000000.0,2482.8556311130524,0.1428199209015066,0.1438649797025063,83274637.0
2912.280390739441,0.0843448638916015,366.10927629470825,525,0,366.10927629470825,0.1398220448367871,95000000.0,3280.73792052269,0.136239494525223,0.1367510335364659,83274637.0
3584.1253616809845,0.1046118736267089,485.8429641723633,706,0,485.8429641723633,0.1374338666813499,95000000.0,4073.013173341751,0.1326070118736906,0.1345018634363438,83274637.0
4255.08260679245,0.1242449283599853,606.2701952457428,884,0,606.2701952457428,0.1387513946586608,95000000.0,4865.031077623367,0.1327134253667528,0.1358526951492257,83274637.0
4920.571389198303,0.1440584659576416,726.0328741073608,1061,0,726.0328741073608,0.132502905532355,95000000.0,5650.960373878479,0.1313551496809171,0.1299384743125126,83274637.0
5586.8842689991,0.1648402214050293,845.8001413345337,1251,0,845.8001413345337,0.1315313183969999,95000000.0,6437.676998615265,0.1260603594283324,0.1289452281538068,83274637.0
,,,1251,0,845.8001413345337,,,,,,
