accumulated_eval_time,accumulated_logging_time,accumulated_submission_time,global_step,preemption_count,score,test/accuracy,test/loss,test/num_examples,total_duration,train/accuracy,train/loss,validation/accuracy,validation/loss,validation/num_examples
199.43774104118347,0.0,188.31240725517276,1,0,188.31240725517276,0.0009,174.6949,10000,388.45706248283386,0.0009367028061224,45.10455695950255,0.00108,53.62445,50000
305.3012456893921,0.05032706260681152,754.0255331993103,8,0,754.0255331993103,0.0532,6.3239390625,10000,1061.2805395126343,0.08201132015306123,5.329053606305804,0.0789,5.41474625,50000
