accumulated_eval_time,accumulated_logging_time,accumulated_submission_time,global_step,preemption_count,score,test/accuracy,test/loss,test/num_examples,total_duration,train/accuracy,train/loss,validation/accuracy,validation/loss,validation/num_examples
195.5710501670837,0.0,188.7235412597656,1,0,188.7235412597656,0.0011,56.3780125,10000,384.97417736053467,0.0010562818877551,55.83155293367347,0.00098,49.64193,50000
295.09841108322144,0.0467565059661865,754.4277627468109,8,0,754.4277627468109,0.0544,5.95354140625,10000,1051.5515422821045,0.0826092155612244,5.575318628427934,0.0773,5.532014375,50000
399.3544375896454,0.0959787368774414,1315.2966921329498,15,0,1315.2966921329498,0.1569,4.485158203125,10000,1717.9860045909882,0.2355110012755102,3.766533987862723,0.2184,3.903830625,50000
