accumulated_eval_time,accumulated_logging_time,accumulated_submission_time,global_step,preemption_count,score,test/ctc_loss,test/num_examples,test/wer,total_duration,train/ctc_loss,train/wer,validation/ctc_loss,validation/num_examples,validation/wer
28.01377487182617,0.0,380.664603471756,1,0,380.664603471756,6.0379431737531455,2472,0.899579550301627,409.16284251213074,5.981310707580102,0.9416426043724626,6.05415418738698,5348,0.8967218654950997
55.88095927238464,0.0460901260375976,1875.861712217331,5,0,1875.861712217331,5.109056229434157,2472,0.8975890154977353,1933.216753959656,5.145394866163722,0.9398243633442608,5.288185810980511,5348,0.8957176652343939
87.31062030792236,0.1370389461517334,3373.2049720287323,9,0,3373.2049720287323,1.1126226893670559,2472,0.33745658399853756,3462.997304201126,1.2148273074811395,0.36922233559844553,1.3783675414720213,5348,0.3866557234586974
