accumulated_eval_time,accumulated_logging_time,accumulated_submission_time,global_step,preemption_count,score,test/loss,test/num_examples,total_duration,train/loss,validation/loss,validation/num_examples
781.7824351787567,0.0,5.512256860733032,1,0,5.512256860733032,0.4922969313672517,95000000,787.6524755954742,0.4848213390651126,0.479332473883418,83274637
1432.7253975868225,0.029742956161499,125.87208580970764,192,0,125.87208580970764,5.097495151917147,95000000,1559.7140760421753,4.923751496854446,4.992726444995371,83274637
2070.077017068863,0.0514194965362548,245.4914779663086,374,0,245.4914779663086,0.2102120284621389,95000000,2317.4330866336823,0.209308933873428,0.2076365708721914,83274637
2698.5311357975006,0.0722668170928955,365.46571826934814,556,0,365.46571826934814,0.1352476457218371,95000000,3066.659199953079,0.1318965208057179,0.1326849493527534,83274637
3343.202772378921,0.09572434425354,485.46650862693787,745,0,485.46650862693787,0.1325432953373959,95000000,3832.056398153305,0.1304806675919509,0.1297641710054405,83274637
3980.753776550293,0.1172182559967041,605.7591807842255,931,0,605.7591807842255,0.1321759433084588,95000000,4590.533353567123,0.1291979709540288,0.1294720921253104,83274637
4623.633982896805,0.13982295989990234,726.0280859470367,1113,0,726.0280859470367,0.13080736363324616,95000000,5354.407687664032,0.12712364733119658,0.1283859583676628,83274637
