accumulated_eval_time,accumulated_logging_time,accumulated_submission_time,global_step,preemption_count,score,test/ctc_loss,test/num_examples,test/wer,total_duration,train/ctc_loss,train/wer,validation/ctc_loss,validation/num_examples,validation/wer
26.848637104034424,0.0,379.8608982563019,1,0,379.8608982563019,6.048399493515711,2472,0.899579550301627,407.1697216033936,5.979782147103788,0.941704619388419,6.067640442912397,5348,0.8967218654950997
53.29137301445007,0.0455496311187744,1872.832667350769,5,0,1872.832667350769,5.085690205819731,2472,0.8898503036581155,1927.5381314754488,5.0917232886020045,0.930156148340924,5.238196485081375,5348,0.8905711388982764
83.11054062843323,0.1429052352905273,3366.1466720104218,9,0,3366.1466720104218,1.287107535163559,2472,0.3654662523104421,3451.683987855912,1.4568859351112622,0.404505530253741,1.6483446902627084,5348,0.4184811471056824
112.9153220653534,0.2555551528930664,4858.681016921997,13,0,4858.681016921997,0.5803570996515904,2472,0.1906851095809721,4975.080743551254,0.632371326651945,0.2139991325092171,0.8475958157524613,5348,0.2532033022739342
142.75244116783142,0.3671579360961914,6351.438489675522,17,0,6351.438489675522,0.5068854744660946,2472,0.16998760993642476,6498.670892715454,0.544656552573467,0.18659726740403385,0.7741970486111112,5348,0.23141022546227008
