accumulated_eval_time,accumulated_logging_time,accumulated_submission_time,global_step,preemption_count,score,test/ctc_loss,test/num_examples,test/wer,total_duration,train/ctc_loss,train/wer,validation/ctc_loss,validation/num_examples,validation/wer
32.25923681259155,0.0,7.955090999603271,1,0,7.955090999603271,31.040699399961287,2472,1.5229013060345704,40.63674998283386,32.315553645338035,1.2259375067621665,30.9211152551738,5348,1.506918360449959
58.70691537857056,0.0379166603088378,1448.4089353084564,1001,0,1448.4089353084564,5.830876588812181,2472,0.899579550301627,1508.8279049396515,5.846795713517007,0.9418345487200572,5.876068587376934,5348,0.8967218654950997
85.28303837776184,0.07752728462219238,2887.7086374759674,2001,0,2887.7086374759674,5.827000532292406,2472,0.899579550301627,2976.117909193039,5.849038620988402,0.9418345487200571,5.883073858499096,5348,0.8967218654950997
