accumulated_eval_time,accumulated_logging_time,accumulated_submission_time,global_step,preemption_count,score,test/accuracy,test/loss,test/num_examples,total_duration,train/accuracy,train/loss,validation/accuracy,validation/loss,validation/num_examples
198.20185589790344,0.0,190.33431267738345,1,0,190.33431267738345,0.0007,172.4679125,10000,389.180490732193,0.0013751594387755,47.981724330357146,0.00106,56.650355,50000
303.6871590614319,0.0403721332550048,759.1148824691772,8,0,759.1148824691772,0.0546,6.42000546875,10000,1064.8707308769226,0.0819913903061224,5.768853635204081,0.07592,6.316031875,50000
400.2541174888611,0.09247636795043945,1321.0039258003235,15,0,1321.0039258003235,0.1643,4.451257421875,10000,1724.6517877578735,0.25215242346938777,3.65719697913345,0.2261,3.830609375,50000
