accumulated_eval_time,accumulated_logging_time,accumulated_submission_time,global_step,preemption_count,score,test/loss,test/num_examples,total_duration,train/loss,validation/loss,validation/num_examples
851.1329176425934,0.0,5.824783563613892,1,0,5.824783563613892,0.2738667965230841,95000000,857.3183839321136,0.2722548399299761,0.2735702245363489,83274637
1587.701476573944,0.03020620346069336,125.60390329360962,170,0,125.60390329360962,,95000000,1714.3655660152435,,,83274637
