accumulated_eval_time,accumulated_logging_time,accumulated_submission_time,global_step,preemption_count,score,test/loss,test/num_examples,total_duration,train/loss,validation/loss,validation/num_examples
794.2466583251953,0.0,20.965394973754883,1,0,20.965394973754883,16.66797849868421,95000000,815.2120940685272,16.817297578607715,16.716853912104114,83274637
1449.373371839523,0.0263786315917968,141.0702965259552,179,0,141.0702965259552,0.2459183952508223,95000000,1590.476190328598,0.2371781228004761,0.2399877944210522,83274637
2083.183759689331,0.0475139617919921,261.25853061676025,360,0,261.25853061676025,0.3652255165707236,95000000,2344.5022065639496,0.3565315030187181,0.3572157622685734,83274637
2706.412537574768,0.0694220066070556,381.770482301712,541,0,381.770482301712,0.1359741524876644,95000000,3088.27090716362,0.131089618687266,0.132625163149728,83274637
3329.533900976181,0.0920081138610839,501.8964879512787,718,0,501.8964879512787,0.1363321766036184,95000000,3831.546988010408,0.1330917710848387,0.133440261444884,83274637
3967.117981433869,0.1127874851226806,622.170501947403,905,0,622.170501947403,0.1352883274876644,95000000,4589.432231903076,0.130401606279068,0.1322631389350971,83274637
4530.330189466476,0.1337401866912841,742.3809328079224,1082,0,742.3809328079224,0.1346225360197368,95000000,5272.881622314453,0.1304708418770218,0.1316834143897446,83274637
5010.753139019012,0.1553044319152832,862.831549167633,1256,0,862.831549167633,0.13187224594983551,95000000,5873.782887935638,0.12935864019834395,0.12934324593938376,83274637
