accumulated_eval_time,accumulated_logging_time,accumulated_submission_time,global_step,preemption_count,score,test/ctc_loss,test/num_examples,test/wer,total_duration,train/ctc_loss,train/wer,validation/ctc_loss,validation/num_examples,validation/wer
33.41180229187012,0.0,6.162719964981079,1,0,6.162719964981079,30.59261887863733,2472,1.6878313326427397,40.10358762741089,31.32861679737202,1.5898370952554606,30.62933556861563,5348,1.6541881909911649
60.761122703552246,0.03916192054748535,1444.2686562538147,2236,0,1444.2686562538147,6.540277598554746,2472,0.8994779924034693,1508.5994944572449,6.631484668415469,0.94135864625232,6.629903807514567,5348,0.896673586636412
