accumulated_eval_time,accumulated_logging_time,accumulated_submission_time,global_step,preemption_count,score,test/ctc_loss,test/num_examples,test/wer,total_duration,train/ctc_loss,train/wer,validation/ctc_loss,validation/num_examples,validation/wer
26.656874179840088,0.0,375.7113342285156,1,0,375.7113342285156,6.035256306858507,2472,0.899579550301627,402.82437682151794,5.9758373055694936,0.9418458742590108,6.053127197609001,5348,0.8967218654950997
53.67285799980164,0.0445055961608886,1851.2812793254848,5,0,1851.2812793254848,5.138838796051358,2472,0.8658623281132574,1906.348111629486,5.154896021209368,0.9024977283544632,5.297426756831425,5348,0.8718775648143677
84.27981495857239,0.1465578079223632,3325.9261512756348,9,0,3325.9261512756348,1.3461465255822955,2472,0.3865090488087258,3412.610024690628,1.5059927864078329,0.424840984812427,1.6926877307489452,5348,0.4395983198957177
114.23238587379456,0.2552409172058105,4799.438440084457,13,0,4799.438440084457,0.6581914054939029,2472,0.2161558304389332,4917.1393394470215,0.7154192969311509,0.237424819350093,0.9405068981376832,5348,0.2797277072370009
143.9956021308899,0.36690688133239746,6274.152267932892,17,0,6274.152267932892,0.560510002661462,2472,0.18879613267523815,6422.6287541389465,0.5996905554576152,0.20471312362078664,0.8360632738723126,5348,0.25015207840486653
