accumulated_eval_time,accumulated_logging_time,accumulated_submission_time,global_step,preemption_count,score,test/loss,test/num_examples,total_duration,train/loss,validation/loss,validation/num_examples
148.94885730743408,0.0,6.954756259918213,1,0,6.954756259918213,0.511530224712171,95000000,155.90365195274353,0.4983629039342298,0.4947187968247313,83274637
302.2665603160858,0.019749641418457,127.2417814731598,109,0,127.2417814731598,0.1442405803042763,95000000,429.5325231552124,0.1419031228284415,0.1406213733752526,83274637
455.72642374038696,0.0446953773498535,248.9315574169159,217,0,248.9315574169159,0.1409375901315789,95000000,704.7114052772522,0.1359701137872612,0.1373294262115786,83274637
599.7849714756012,0.0674760341644287,369.26013112068176,330,0,369.26013112068176,0.1440937861328125,95000000,969.1258037090302,0.1417966661681919,0.1407410973285374,83274637
755.3923842906952,4.183871269226074,486.0658137798309,433,0,486.0658137798309,0.1407351523745888,95000000,1245.6595327854156,0.1358780510864168,0.137715651415681,83274637
908.0102579593658,4.20982837677002,606.8712182044983,539,0,606.8712182044983,0.1338189064453125,95000000,1519.1129167079926,0.13045961956886,0.130847617939547,83274637
1058.8873558044434,4.231046676635742,728.1149795055389,646,0,728.1149795055389,0.1324682759046052,95000000,1791.259262561798,0.1304524471549867,0.1297015433219668,83274637
1205.0425996780396,4.259124755859375,848.3286261558533,750,0,848.3286261558533,0.1317636112870066,95000000,2057.660449028015,0.12870364090275466,0.12905469507771242,83274637
