accumulated_eval_time,accumulated_logging_time,accumulated_submission_time,global_step,preemption_count,score,test/loss,test/num_examples,total_duration,train/loss,validation/loss,validation/num_examples
775.928923368454,0.0,5.353032112121582,1,0,5.353032112121582,0.248507388476964,95000000,781.6431043148041,0.2409071670407248,0.2420809818952393,83274637
1439.6630432605743,0.0287790298461914,125.1874008178711,191,0,125.1874008178711,0.1388102739476254,95000000,1565.9921243190763,0.1339434949726418,0.1356793346229367,83274637
2071.487817764282,0.0507473945617675,245.05168771743772,375,0,245.05168771743772,0.1361685339394419,95000000,2318.491051673889,0.1328292151016811,0.1334939010938921,83274637
2719.242125749588,0.07877540588378906,364.7304193973541,563,0,364.7304193973541,0.1317447678066053,95000000,3086.645757675171,0.1297657390164672,0.12950812367307896,83274637
