accumulated_eval_time,accumulated_logging_time,accumulated_submission_time,global_step,preemption_count,score,test/loss,test/num_examples,total_duration,train/loss,validation/loss,validation/num_examples
170.03467345237732,0.0,7.993774890899658,1,0,7.993774890899658,1.935666459868421,95000000,178.02850770950317,1.945763462744419,1.9358978405093497,83274637
192.63360357284543,0.018925666809082,1208.45707821846,1581,0,1208.45707821846,0.1287865783922697,95000000,1401.1646256446838,0.1243663627021717,0.1262395343547099,83274637
215.2537517547608,0.0444624423980712,2408.927181005478,3169,0,2408.927181005478,0.1278359128392269,95000000,2624.33447933197,0.1253669044506624,0.1254433559835721,83274637
238.1805636882782,0.0718719959259033,3609.560626506805,4751,0,3609.560626506805,0.1271724041221217,95000000,3847.9756042957306,0.1267355117689138,0.1247133313175685,83274637
261.03285241127014,0.0949318408966064,4809.776049852371,6329,0,4809.776049852371,0.1268707258223684,95000000,5071.119574069977,0.1215564840525951,0.1244313565350636,83274637
283.9657340049744,0.1194157600402832,6009.802002906799,7912,0,6009.802002906799,0.1263997734991776,95000000,6294.155928611755,0.1226039860139852,0.124046637196314,83274637
306.9515459537506,0.14487576484680176,7209.820413351059,9490,0,7209.820413351059,0.12602686394942433,95000000,7517.23902797699,0.12208202921744413,0.12366348346030617,83274637
