accumulated_eval_time,accumulated_logging_time,accumulated_submission_time,global_step,preemption_count,score,test/loss,test/num_examples,total_duration,train/loss,validation/loss,validation/num_examples
233.6688814163208,0.0,6.239528179168701,1,0,6.239528179168701,0.3223806629111842,95000000,239.9084494113922,0.314896933359545,0.3111956891602091,83274637
505.33708786964417,0.0191555023193359,127.20912718772888,170,0,127.20912718772888,0.1423574560032894,95000000,632.5712885856628,0.1402997950900275,0.1391030137728377,83274637
630.0005617141724,0.0424675941467285,247.56251049041748,342,0,247.56251049041748,0.1364182655119243,95000000,877.6175274848938,0.1311487675111436,0.133189982882333,83274637
852.9704976081848,0.0646195411682128,367.6907167434693,519,0,367.6907167434693,0.1325168001336348,95000000,1220.7438933849337,0.1287401641057159,0.1297673040022246,83274637
1045.8512301445007,0.0900447368621826,488.3498809337616,691,0,488.3498809337616,0.1323857661287006,95000000,1534.3151500225067,0.1294648164074938,0.1297647884530387,83274637
1252.049392938614,0.11373662948608398,608.8308057785034,862,0,608.8308057785034,0.13100743907277962,95000000,1861.023945093155,0.12888277092444822,0.12829712653836006,83274637
