accumulated_eval_time,accumulated_logging_time,accumulated_submission_time,global_step,preemption_count,score,test/loss,test/num_examples,total_duration,train/loss,validation/loss,validation/num_examples
728.1412312984467,0.0,5.6396260261535645,1,0,5.6396260261535645,28.32930761462788,95000000,734.1376094818115,27.083497605600765,27.38029122439784,83274637
1342.9501883983612,0.0269443988800048,125.62936449050903,196,0,125.62936449050903,0.1421272570908797,95000000,1469.7053561210632,0.1416283491415345,0.1387894806925679,83274637
1967.431051492691,0.0582265853881835,245.51276421546936,387,0,245.51276421546936,0.1394877170732197,95000000,2214.836802482605,0.1360173900117912,0.1361759238023439,83274637
2601.8436517715454,0.0806045532226562,365.4785416126251,581,0,365.4785416126251,0.1377599041229248,95000000,2969.939174890518,0.1372555239557026,0.1343425157077873,83274637
3213.0966250896454,0.1029300689697265,485.6905109882355,778,0,485.6905109882355,0.1336792434302079,95000000,3702.114738225937,0.1282444185831646,0.1307853585230327,83274637
3824.5327236652374,0.1256728172302246,605.356805562973,977,0,605.356805562973,0.1317433115428724,95000000,4433.937813282013,0.12756010344254373,0.129114229926571,83274637
