accumulated_eval_time,accumulated_logging_time,accumulated_submission_time,global_step,preemption_count,score,test/ctc_loss,test/num_examples,test/wer,total_duration,train/ctc_loss,train/wer,validation/ctc_loss,validation/num_examples,validation/wer
26.99851775169373,0.0,379.6372776031494,1,0,379.6372776031494,6.011334198980579,2472,0.899579550301627,407.0773618221283,5.961963232385767,0.9407795812931332,6.0257610790888085,5348,0.8967218654950997
53.74556517601013,0.0495352745056152,1871.785769701004,5,0,1871.785769701004,5.049461658816698,2472,0.864887372290943,1926.9064846038816,5.105429586063389,0.8986169785028558,5.260458264265622,5348,0.870612658716748
83.90463161468506,0.1514363288879394,3362.1549894809723,9,0,3362.1549894809723,1.442928172785341,2472,0.4033270367436475,3448.46461725235,1.6146890961151523,0.4425283241260416,1.7769838915260197,5348,0.4525660213392555
113.2068247795105,0.2532165050506592,4850.673248529434,13,0,4850.673248529434,0.720573958400542,2472,0.2358174395222716,4967.339435100555,0.807248781148429,0.2653187118237047,1.01756811803044,5348,0.3003814029836334
142.7179934978485,0.35603976249694824,6340.984560728073,17,0,6340.984560728073,0.5715393432640815,2472,0.19151788434586559,6488.159446954727,0.6351079769213572,0.21512015377921226,0.8528565385146675,5348,0.2542268140781152
