accumulated_eval_time,accumulated_logging_time,accumulated_submission_time,global_step,preemption_count,score,test/ctc_loss,test/num_examples,test/wer,total_duration,train/ctc_loss,train/wer,validation/ctc_loss,validation/num_examples,validation/wer
46.94724464416504,0.0,426.28549575805664,1,0,426.28549575805664,7.65007016581715,2472,0.899579550301627,473.67433738708496,7.601317464898728,0.9413976912260048,7.667784307815953,5348,0.8967218654950997
75.91064620018005,0.04463982582092285,1880.595918416977,6,0,1880.595918416977,4.902580408413446,2472,0.8502833465358601,1958.170621395111,5.086368228043667,0.8870957192844763,5.065788564898534,5348,0.8570269878820065
