global_step,grad_norm,loss,train/accuracy,train/loss,validation/accuracy,validation/loss,validation/num_examples,test/accuracy,test/loss,test/num_examples,score,total_duration,accumulated_submission_time,accumulated_eval_time,accumulated_logging_time,preemption_count
0,0.28085044,6.9099464,,,,,,,,,,,,,,
1,,,0.0007971938466653228,6.90775728225708,0.0010599999222904444,6.9077534675598145,50000.0,0.0010000000474974513,6.9077558517456055,10000.0,57.583152770996094,98.87881374359131,57.583152770996094,41.29554843902588,0.0,0.0
