accumulated_eval_time,accumulated_logging_time,accumulated_submission_time,global_step,preemption_count,score,test/accuracy,test/loss,test/num_examples,total_duration,train/accuracy,train/loss,validation/accuracy,validation/loss,validation/num_examples
192.57780528068545,0.0,183.4455604553223,1,0,183.4455604553223,0.0043,6.85461328125,10000,376.6251499652863,0.0071548150510204,6.832057407924107,0.0069,6.835954375,50000
292.26028084754944,0.03387022018432617,739.4466960430145,8,0,739.4466960430145,0.0803,5.205767578125,10000,1033.619446516037,0.12737165178571427,4.660399145009566,0.11526,4.749118125,50000
