accumulated_eval_time,accumulated_logging_time,accumulated_submission_time,global_step,preemption_count,score,test/accuracy,test/loss,test/num_examples,total_duration,train/accuracy,train/loss,validation/accuracy,validation/loss,validation/num_examples
195.1850733757019,0.0,186.31244945526123,1,0,186.31244945526123,0.0085,6.75421796875,10000,382.17940282821655,0.0109414859693877,6.717807691924426,0.01026,6.72567875,50000
297.68746852874756,0.03426527976989746,744.2835099697113,8,0,744.2835099697113,0.0906,5.0864921875,10000,1044.0464458465576,0.14536830357142858,4.541055173290019,0.13318,4.6207365625,50000
