accumulated_eval_time,accumulated_logging_time,accumulated_submission_time,global_step,preemption_count,score,test/loss,test/num_examples,total_duration,train/loss,validation/loss,validation/num_examples
796.7308819293976,0.0,21.01519632339477,1,0,21.01519632339477,9.192968436184213,95000000,817.7461185455322,9.180525731740508,9.22820066525778,83274637
1462.5540585517883,0.0249507427215576,141.58340740203855,179,0,141.58340740203855,0.1485303115953947,95000000,1604.1684284210205,0.1462881837344769,0.1448642272259132,83274637
2107.240825653076,0.0451643466949462,262.0089225769043,352,0,262.0089225769043,0.1492818990953947,95000000,2369.3069472312927,0.1464368832186333,0.1460314197551305,83274637
2746.3348383903503,0.0657973289489746,382.0906569957733,540,0,382.0906569957733,0.1422627956208881,95000000,3128.509601831436,0.1384133387286708,0.1388290428095115,83274637
3378.931521177292,0.0859475135803222,502.4487450122833,714,0,502.4487450122833,0.1343860945004112,95000000,3881.490570783615,0.1315124270113759,0.1320040299105698,83274637
4035.238563060761,0.1080081462860107,623.010162115097,890,0,623.010162115097,0.1324108890830592,95000000,4658.386889696121,0.1308873498566308,0.1300237969946809,83274637
4617.635815382004,0.12949323654174805,743.7526524066925,1070,0,743.7526524066925,0.1316934191303454,95000000,5361.554288625717,0.12949082886788454,0.12925904745007888,83274637
