accumulated_eval_time,accumulated_logging_time,accumulated_submission_time,global_step,preemption_count,score,test/accuracy,test/loss,test/num_examples,total_duration,train/accuracy,train/loss,validation/accuracy,validation/loss,validation/num_examples
190.3660705089569,0.0,184.0756595134735,1,0,184.0756595134735,0.0148,6.410334765625,10000,375.1427264213562,0.0209861288265306,6.260623854033801,0.01928,6.294508125,50000
293.72823095321655,0.03195667266845703,740.4483513832092,8,0,740.4483513832092,0.1515,4.5992796875,10000,1036.2371168136597,0.24392139668367346,3.670993727080676,0.22126,3.8193028125,50000
