accumulated_eval_time,accumulated_logging_time,accumulated_submission_time,global_step,preemption_count,score,test/loss,test/num_examples,total_duration,train/loss,validation/loss,validation/num_examples
771.344024181366,0.0,20.477781057357788,1,0,20.477781057357788,0.1597229402240954,95000000,791.8218626976013,0.1595648139152886,0.1570012558312397,83274637
1407.3741912841797,0.0303406715393066,140.93506503105164,181,0,140.93506503105164,0.1414051938939144,95000000,1548.3461878299713,0.1379244731938314,0.1381943815027152,83274637
2030.947169303894,0.051471471786499,261.568647146225,360,0,261.568647146225,0.1396642877467105,95000000,2292.580056667328,0.1379684694814232,0.136649302541297,83274637
2657.8921542167664,0.0731587409973144,381.9983801841736,541,0,381.9983801841736,0.1349783045230263,95000000,3039.982938051224,0.1315199042547424,0.132220307561484,83274637
3271.558835744858,0.0988526344299316,502.3265404701233,720,0,502.3265404701233,0.132957449660773,95000000,3774.009761095047,0.1297450878264956,0.1300393716601025,83274637
3914.059727191925,0.12043333053588867,622.4129838943481,906,0,622.4129838943481,0.13125677650082238,95000000,4536.6254732608795,0.1269528281365363,0.1284805455822266,83274637
