accumulated_eval_time,accumulated_logging_time,accumulated_submission_time,global_step,preemption_count,score,test/loss,test/num_examples,total_duration,train/loss,validation/loss,validation/num_examples
838.4998197555542,0.0,5.822434425354004,1,0,5.822434425354004,40.21654973616365,95000000,844.648679971695,38.81319641818359,38.806716347042304,83274637
1521.6878633499146,0.0280797481536865,126.01782965660097,180,0,126.01782965660097,0.143502584495705,95000000,1648.7779650688171,0.1403319717649815,0.1402526418229564,83274637
2213.5252516269684,0.0590465068817138,246.47545790672305,354,0,246.47545790672305,0.1400287457761262,95000000,2461.7527918815613,0.136209239288373,0.1364954074346384,83274637
2908.4072716236115,0.0808517932891845,366.15916872024536,531,0,366.15916872024536,0.1380447560677779,95000000,3276.998768568039,0.1344340633614325,0.1347397232521185,83274637
3588.622300386429,0.1024672985076904,485.7539620399475,706,0,485.7539620399475,0.1382856650697407,95000000,4077.5574009418488,0.1362325907902898,0.1352935664582057,83274637
4270.147833824158,0.1243631839752197,605.7919456958771,888,0,605.7919456958771,0.1333064711734972,95000000,4879.840144395828,0.1292459007119256,0.1307703081114398,83274637
4961.708909988403,0.1459152698516845,725.4784686565399,1070,0,725.4784686565399,0.1324098057803505,95000000,5691.834352016449,0.1306746790681922,0.1296917062095134,83274637
5633.0201296806335,0.16826534271240234,845.6828048229218,1253,0,845.6828048229218,0.13097840097555863,95000000,6484.072145223618,0.12690299842818126,0.12852271087866732,83274637
