accumulated_eval_time,accumulated_logging_time,accumulated_submission_time,global_step,preemption_count,score,test/accuracy,test/loss,test/num_examples,total_duration,train/accuracy,train/loss,validation/accuracy,validation/loss,validation/num_examples
189.6438157558441,0.0,185.17597246170044,1,0,185.17597246170044,0.0154,6.421823046875,10000,375.4964032173157,0.0200095663265306,6.28118896484375,0.02028,6.305801875,50000
289.4223504066468,0.0335490703582763,748.6242175102234,8,0,748.6242175102234,0.1686,4.39813046875,10000,1040.02831864357,0.259765625,3.5836735939492983,0.23782,3.7289284375,50000
385.16083908081055,0.07813000679016113,1308.9653992652893,15,0,1308.9653992652893,0.2932,3.509314453125,10000,1697.34512925148,0.4399513711734694,2.4789165574677137,0.40324,2.6929334375,50000
