accumulated_eval_time,accumulated_logging_time,accumulated_submission_time,global_step,preemption_count,score,test/loss,test/num_examples,total_duration,train/loss,validation/loss,validation/num_examples
846.8372402191162,0.0,5.900684356689453,1,0,5.900684356689453,0.1921611973798249,95000000.0,853.1135199069977,0.1834265647799867,0.1814130344860121,83274637.0
1554.2324442863464,0.02278733253479,125.57769417762756,170,0,125.57769417762756,0.1530948018565127,95000000.0,1680.9143295288086,0.1508691965425711,0.1494475887950806,83274637.0
2254.745417356491,0.0465009212493896,245.3481035232544,340,0,245.3481035232544,0.1344937202177349,95000000.0,2501.9500579833984,0.1303930876744695,0.1316228843142574,83274637.0
2955.5209748744965,0.068737506866455,365.0476002693176,512,0,365.0476002693176,0.1319944638542576,95000000.0,3323.2189173698425,0.1285202269895948,0.1294361421651447,83274637.0
3665.4260430336,0.0960676670074462,484.7699751853943,682,0,484.7699751853943,0.1313029830515008,95000000.0,4153.601098537445,0.1286872886795075,0.128821672231661,83274637.0
,,,682,0,484.7699751853943,,,,,,
