accumulated_eval_time,accumulated_logging_time,accumulated_submission_time,global_step,preemption_count,score,test/accuracy,test/loss,test/num_examples,total_duration,train/accuracy,train/loss,validation/accuracy,validation/loss,validation/num_examples
193.46660685539248,0.0,183.13370370864868,1,0,183.13370370864868,0.016,6.29643515625,10000,377.3402166366577,0.0270846619897959,6.04762112364477,0.02554,6.0898675,50000
295.88438391685486,0.036232948303222656,739.9025897979736,8,0,739.9025897979736,0.1762,4.439225,10000,1037.8076882362366,0.2502590880102041,3.703980426399075,0.22912,3.8248865625,50000
