accumulated_eval_time,accumulated_logging_time,accumulated_submission_time,global_step,preemption_count,score,test/ctc_loss,test/num_examples,test/wer,total_duration,train/ctc_loss,train/wer,validation/ctc_loss,validation/num_examples,validation/wer
46.09576439857483,0.0,419.8321475982666,1,0,419.8321475982666,7.838035518420543,2472,0.899579550301627,466.3164377212525,7.774512768192859,0.9420436720767144,7.8219858222825,5348,0.8967218654950997
74.82204747200012,0.0366973876953125,1868.5651762485504,6,0,1868.5651762485504,5.150156461707207,2472,0.8313123311599944,1944.8640387058258,5.312778074315308,0.8641379050124246,5.310311416892707,5348,0.839656254526143
