accumulated_eval_time,accumulated_logging_time,accumulated_submission_time,global_step,preemption_count,score,test/accuracy,test/loss,test/num_examples,total_duration,train/accuracy,train/loss,validation/accuracy,validation/loss,validation/num_examples
189.1423323154449,0.0,184.82979679107663,1,0,184.82979679107663,0.0174,6.273058984375,10000,374.6584711074829,0.0288185586734693,6.021623883928571,0.02694,6.0623975,50000
287.90436148643494,0.0319564342498779,742.0564968585968,8,0,742.0564968585968,0.1309,4.781373828125,10000,1032.0102379322052,0.2026666135204081,4.062004867865115,0.18262,4.1738846875,50000
383.6922028064728,0.07581496238708496,1295.17267370224,15,0,1295.17267370224,0.1787,4.567048046875,10000,1682.2065534591675,0.27138472576530615,3.6320445780851403,0.25038,3.80368625,50000
