accumulated_eval_time,accumulated_logging_time,accumulated_submission_time,global_step,preemption_count,score,test/loss,test/num_examples,total_duration,train/loss,validation/loss,validation/num_examples
840.2910397052765,0.0,36.69794273376465,1,0,36.69794273376465,0.283800007265111,95000000,877.2440037727356,0.2734685399835794,0.274856939044558,83274637
1515.5513677597046,0.0276217460632324,183.6252174377441,6,0,183.6252174377441,0.1404148844156767,95000000,1700.0225939750671,0.1374900982097361,0.1376907138059872,83274637
2198.8525393009186,0.0605759620666503,303.57642006874084,10,0,303.57642006874084,0.137182618872512,95000000,2503.8375284671783,0.1349506638379822,0.1348754486033881,83274637
2890.784034013748,0.0806050300598144,454.9955184459686,15,0,454.9955184459686,0.1408148352497301,95000000,3347.7198271751404,0.1380845255709667,0.1386361280658019,83274637
3580.7594826221466,0.1010878086090087,602.8378691673279,20,0,602.8378691673279,0.1330311098129674,95000000,4186.132673025131,0.1295442906340348,0.1304123642730132,83274637
4268.480973958969,0.12605547904968262,752.3117780685425,25,0,752.3117780685425,0.1317693335385373,95000000,5023.887366533279,0.12965921289493634,0.12922860399471933,83274637
