accumulated_eval_time,accumulated_logging_time,accumulated_submission_time,global_step,preemption_count,score,test/loss,test/num_examples,total_duration,train/loss,validation/loss,validation/num_examples
797.1158196926117,0.0,20.682992219924927,1,0,20.682992219924927,0.3101752908717105,95000000,817.7988529205322,0.3019144890724488,0.3005955551422127,83274637
1427.4886088371277,0.0246548652648925,141.10607981681824,178,0,141.10607981681824,0.1397641832956414,95000000,1568.626127243042,0.1375618001809285,0.1368934937302323,83274637
2056.7923250198364,0.0454161167144775,261.6704423427582,354,0,261.6704423427582,0.13556371640625,95000000,2318.521414995193,0.1371389849451165,0.1333662327241854,83274637
2697.8941287994385,0.0665359497070312,381.8787434101105,528,0,381.8787434101105,0.1366746259868421,95000000,3079.8588531017303,0.1356706551082854,0.1336122159702888,83274637
3306.98850607872,0.0874338150024414,502.38390469551086,715,0,502.38390469551086,0.133516546484375,95000000,3809.48593044281,0.1321966432784713,0.1309960512316144,83274637
3946.897093296051,0.11031532287597656,622.7750494480133,892,0,622.7750494480133,0.13162348116776315,95000000,4569.814792633057,0.1291896271162063,0.12917928986805055,83274637
