accumulated_eval_time,accumulated_logging_time,accumulated_submission_time,global_step,preemption_count,score,test/loss,test/num_examples,total_duration,train/loss,validation/loss,validation/num_examples
809.8595876693726,0.0,21.1446373462677,1,0,21.1446373462677,1.027513462417763,95000000,831.0042901039124,1.017305981438115,1.0318036027771875,83274637
1455.234616279602,0.0271275043487548,141.17562890052795,174,0,141.17562890052795,0.1479827661287006,95000000,1596.443621635437,0.1453983236408833,0.1444393490815367,83274637
2102.7108161449432,0.0504326820373535,261.16961312294006,348,0,261.16961312294006,0.1399873952508223,95000000,2363.9433097839355,0.1367506825324124,0.1370419807613229,83274637
2745.872390270233,0.0714213848114013,381.6907162666321,524,0,381.6907162666321,0.1365164509971217,95000000,3127.65323138237,0.1333741921720639,0.1339547043172922,83274637
3373.334879159928,0.0967278480529785,502.32769656181335,701,0,502.32769656181335,0.1357576550370065,95000000,3875.784536123276,0.1311617866275632,0.1331470071609539,83274637
4042.0512828826895,0.1206376552581787,622.9489479064941,881,0,622.9489479064941,0.1356403497532894,95000000,4665.152819156647,0.1320156062361579,0.1330255501549518,83274637
4636.8042068481445,0.142099380493164,743.0230181217194,1056,0,743.0230181217194,0.1353932153474506,95000000,5380.007315158844,0.1316863897274125,0.132978202017898,83274637
5163.126331090927,0.1626703739166259,863.6796281337738,1228,0,863.6796281337738,0.1352874739720394,95000000,6027.012892484665,0.1322765014714227,0.132802254867764,83274637
5559.92928814888,0.18642687797546387,983.9596405029297,1404,0,983.9596405029297,0.13145070875822368,95000000,6544.125931978226,0.12771162524257065,0.12898940716013532,83274637
