accumulated_eval_time,accumulated_logging_time,accumulated_submission_time,global_step,preemption_count,score,test/ctc_loss,test/num_examples,test/wer,total_duration,train/ctc_loss,train/wer,validation/ctc_loss,validation/num_examples,validation/wer
28.05999660491944,0.0,381.02710723876953,1,0,381.02710723876953,5.989751354926124,2472,0.854061300347328,409.5139126777649,6.073022007432929,0.8901537695728864,6.06266992226743,5348,0.8611982812726308
57.22463726997376,0.0495431423187255,1876.557536125183,5,0,1876.557536125183,1.0595567657590812,2472,0.3229134929823492,1935.116733789444,1.178144469514488,0.3570029541937648,1.3857131476667672,5348,0.3824071838941727
87.21711993217468,0.1557073593139648,3371.2132680416107,9,0,3371.2132680416107,0.6988662575004839,2472,0.2294599150975971,3460.773152112961,0.7792754693857501,0.2559165034465594,1.0058622201187966,5348,0.2960556172452083
116.73634743690492,0.2633569240570068,4864.752471923828,13,0,4864.752471923828,0.6205359015097748,2472,0.2072187354010521,4984.856114625931,0.6853710578203291,0.2274566880566166,0.908803739388688,5348,0.2671558924347028
146.1287088394165,0.3740546703338623,6360.218722820282,17,0,6360.218722820282,0.5850103736531389,2472,0.1915788190847602,6510.695189714432,0.6581100320828802,0.21924338011708563,0.8853413200723327,5348,0.25972094819678465
