accumulated_eval_time,accumulated_logging_time,accumulated_submission_time,global_step,preemption_count,score,test/accuracy,test/loss,test/num_examples,total_duration,train/accuracy,train/loss,validation/accuracy,validation/loss,validation/num_examples
190.3753712177277,0.0,184.1321997642517,1,0,184.1321997642517,0.0174,6.280765625,10000,375.1421592235565,0.0284398915816326,6.019924864477041,0.02666,6.068749375,50000
289.84519839286804,0.0338284969329834,742.9205317497253,8,0,742.9205317497253,0.1734,4.434076171875,10000,1034.7208590507507,0.2522720025510204,3.684579966019611,0.2345,3.8092178125,50000
