accumulated_eval_time,accumulated_logging_time,accumulated_submission_time,global_step,preemption_count,score,test/ctc_loss,test/num_examples,test/wer,total_duration,train/ctc_loss,train/wer,validation/ctc_loss,validation/num_examples,validation/wer
27.132063388824463,0.0,380.76184034347534,1,0,380.76184034347534,6.451558971546551,2472,0.899579550301627,408.3821527957916,6.345764530036198,0.9417683950563792,6.465149453109303,5348,0.8967218654950997
54.193538188934326,0.05205893516540527,1866.2856163978577,5,0,1866.2856163978577,5.793274969352861,2472,0.899579550301627,1921.9659097194672,5.845571762177845,0.9417683950563793,5.809350747814949,5348,0.8967218654950997
