accumulated_eval_time,accumulated_logging_time,accumulated_submission_time,global_step,preemption_count,score,test/loss,test/num_examples,total_duration,train/loss,validation/loss,validation/num_examples
845.4493131637573,0.0,39.20255661010742,1,0,39.20255661010742,6.6363136309544615,95000000.0,884.9516115188599,6.472603208212995,6.428239045074817,83274637.0
1554.5545675754547,0.0213420391082763,193.53289151191711,6,0,193.53289151191711,0.1445497689832185,95000000.0,1749.0210046768188,0.1410243739630494,0.1409765560205557,83274637.0
2269.383850812912,0.0445225238800048,318.5528085231781,10,0,318.5528085231781,0.1410227900458888,95000000.0,2589.517969608307,0.138578897270812,0.1376996321556735,83274637.0
2979.5757789611816,0.0712640285491943,439.2716135978699,14,0,439.2716135978699,0.1401573605135064,95000000.0,3421.102221250534,0.1368545657862032,0.1369767237339728,83274637.0
3676.0778996944414,0.0925538539886474,559.2467775344849,18,0,559.2467775344849,0.1378757033992165,95000000.0,4238.207907676697,0.1336448431441374,0.1349336266301363,83274637.0
4371.927270650864,0.1141910552978515,680.5515475273132,22,0,680.5515475273132,0.1358908006495827,95000000.0,5055.980829000473,0.1348721267070644,0.1335278935247934,83274637.0
5044.249833345413,0.1365864276885986,834.80411195755,27,0,834.80411195755,0.132139002556851,95000000.0,5883.175240755081,0.128025499737431,0.1296942332295016,83274637.0
5733.402353286743,0.1593263149261474,955.0823612213136,31,0,955.0823612213136,0.1317978788290726,95000000.0,6693.233665704727,0.1265437500355294,0.1292159510699521,83274637.0
,,,31,0,955.0823612213135,,,,,,
