accumulated_eval_time,accumulated_logging_time,accumulated_submission_time,global_step,preemption_count,score,test/accuracy,test/loss,test/num_examples,total_duration,train/accuracy,train/loss,validation/accuracy,validation/loss,validation/num_examples
201.4482226371765,0.0,190.0933203697205,1,0,190.0933203697205,0.0015,25.160565625,10000,392.2817249298096,0.0012755102040816,12.85307841398278,0.00112,11.30665125,50000
307.1406526565552,0.0372509956359863,761.1172132492065,8,0,761.1172132492065,0.0694,7.149828125,10000,1070.386420726776,0.1085379464285714,5.440403529575893,0.10326,5.68864,50000
417.71125197410583,0.09037923812866211,1327.7213220596313,15,0,1327.7213220596313,0.1331,6.7116359375,10000,1748.9297051429749,0.20503826530612246,4.953666842713648,0.19018,5.1703625,50000
