accumulated_eval_time,accumulated_logging_time,accumulated_submission_time,global_step,preemption_count,score,test/ctc_loss,test/num_examples,test/wer,total_duration,train/ctc_loss,train/wer,validation/ctc_loss,validation/num_examples,validation/wer
27.764477729797363,0.0,383.8852772712708,1,0,383.8852772712708,6.059659090909091,2472,0.899579550301627,412.1273877620697,5.979908699429223,0.9416941873139306,6.087424810377738,5348,0.8967218654950997
57.888859033584595,0.04746747016906738,1888.6604552268982,5,0,1888.6604552268982,1.5153462521775598,2472,0.4246135721975098,1948.141187429428,1.6743743764549386,0.4603567109708417,1.8600268265270243,5348,0.46616134794573455
