accumulated_eval_time,accumulated_logging_time,accumulated_submission_time,global_step,preemption_count,score,test/loss,test/num_examples,total_duration,train/loss,validation/loss,validation/num_examples
773.7766497135162,0.0,5.223741292953491,1,0,5.223741292953491,0.7658120860235917,95000000,779.3871970176697,0.7653883664689031,0.751044109977129,83274637
1450.4645910263062,0.0317728519439697,125.25607514381409,192,0,125.25607514381409,0.1411152514073823,95000000,1576.8432698249817,0.1358900340576294,0.1382886863206631,83274637
2091.5453956127167,0.0528285503387451,244.93060517311096,379,0,244.93060517311096,0.1323408689626994,95000000,2338.330699682236,0.131287421977663,0.1300492480005954,83274637
2740.3193776607513,0.0731968879699707,364.9723434448242,564,0,364.9723434448242,0.13140635801403647,95000000,3107.9072456359863,0.12708833180952428,0.12874643096195,83274637
