accumulated_eval_time,accumulated_logging_time,accumulated_submission_time,global_step,preemption_count,score,test/accuracy,test/loss,test/num_examples,total_duration,train/accuracy,train/loss,validation/accuracy,validation/loss,validation/num_examples
193.2706682682037,0.0,188.0447559356689,1,0,188.0447559356689,0.0014,46.288365625,10000,382.0286796092987,0.0012755102040816,11.86322644292092,0.00124,13.32505375,50000
293.6148538589477,0.0467550754547119,752.7815887928009,8,0,752.7815887928009,0.0634,28.75659375,10000,1048.4835057258606,0.0985132334183673,8.417895258689413,0.09162,8.921509375,50000
396.19444608688354,0.09211134910583496,1314.160233259201,15,0,1314.160233259201,0.1381,4.674118359375,10000,1713.7930569648743,0.21974649234693877,4.057851051797672,0.201,4.1730246875,50000
