accumulated_eval_time,accumulated_logging_time,accumulated_submission_time,global_step,preemption_count,score,test/accuracy,test/loss,test/num_examples,total_duration,train/accuracy,train/loss,validation/accuracy,validation/loss,validation/num_examples
198.0091474056244,0.0,190.8785629272461,1,0,190.8785629272461,0.0013,15.8014421875,10000,389.5805034637451,0.001415019132653,18.30517329001913,0.0015,20.69302125,50000
304.34818983078003,0.0372285842895507,761.6449048519135,8,0,761.6449048519135,0.0998,5.21523984375,10000,1068.0829825401306,0.1494339923469387,4.6325994997608415,0.13754,4.711636875,50000
414.93832516670227,0.08979034423828125,1326.334638118744,15,0,1326.334638118744,0.2331,3.975105078125,10000,1744.6431086063385,0.325992506377551,3.198811433753189,0.3034,3.36099,50000
