accumulated_eval_time,accumulated_logging_time,accumulated_submission_time,global_step,preemption_count,score,test/ctc_loss,test/num_examples,test/wer,total_duration,train/ctc_loss,train/wer,validation/ctc_loss,validation/num_examples,validation/wer
36.7820131778717,0.0,6.249003648757935,1,0,6.249003648757935,29.818643138266985,2472,2.522962240773465,43.52782607078552,30.92684860538708,2.6195416335030584,29.833016249748844,5348,2.468102158064984
65.04360508918762,0.0367364883422851,1443.9397695064545,2249,0,1443.9397695064545,2.888296825601652,2472,0.6484471797371681,1512.5643045902252,3.0846776260482662,0.7047003281834339,3.2184939393083183,5348,0.6910056486264665
94.4110255241394,0.0761020183563232,2881.4991598129272,4499,0,2881.4991598129272,0.598958551761404,2472,0.1985863140576442,2982.755692481994,0.6532357535728199,0.2191523926861977,0.8779171297342777,5348,0.2631294356201419
124.02781009674072,0.1087822914123535,4319.4885885715485,6749,0,4319.4885885715485,0.4602176954964836,2472,0.1545711209960798,4453.643133640289,0.4785712500768899,0.1668556538046381,0.7044763823745479,5348,0.2146188384106599
154.16916847229004,0.14960193634033203,5756.902756929398,9000,0,5756.902756929398,0.39840718050358087,2472,0.13685942355737005,5924.409276723862,0.4049243958158195,0.14428622828919394,0.6458684558343379,5348,0.19503693332689614
