accumulated_eval_time,accumulated_logging_time,accumulated_submission_time,global_step,preemption_count,score,test/accuracy,test/loss,test/num_examples,total_duration,train/accuracy,train/loss,validation/accuracy,validation/loss,validation/num_examples
187.23867893219,0.0,185.19399857521057,1,0,185.19399857521057,0.0059,6.856309375,10000,373.0976655483246,0.0072943239795918,6.824327741350446,0.00758,6.83324125,50000
287.5803282260895,0.0340383052825927,745.4690487384796,8,0,745.4690487384796,0.0795,5.27119140625,10000,1035.103462934494,0.1249601403061224,4.644252854950574,0.11678,4.730934375,50000
391.1825828552246,0.07643580436706543,1302.636203289032,15,0,1302.636203289032,0.164,4.547139453125,10000,1697.1908855438232,0.2550422512755102,3.6715748066804847,0.22998,3.8627178125,50000
