accumulated_eval_time,accumulated_logging_time,accumulated_submission_time,global_step,preemption_count,score,test/loss,test/num_examples,total_duration,train/loss,validation/loss,validation/num_examples
751.4088172912598,0.0,36.06066584587097,1,0,36.06066584587097,7.253280870140316,95000000,787.8477246761322,7.02435321521623,7.02998951615697,83274637
1370.5118329524994,0.0207002162933349,175.4880018234253,6,0,175.4880018234253,0.1429404276533829,95000000,1547.0387880802157,0.1391919366601277,0.1397935852635301,83274637
2021.4711396694183,0.0435993671417236,314.2871859073639,11,0,314.2871859073639,0.1402350114826804,95000000,2337.4395587444305,0.137973122785541,0.1369003400201396,83274637
2651.43157362938,0.0681841373443603,454.2743368148804,16,0,454.2743368148804,0.1394981028970015,95000000,3108.0828382968903,0.1371649074623866,0.1363071388031981,83274637
3267.017965555191,0.0957663059234619,599.1167414188385,21,0,599.1167414188385,0.1452913380869012,95000000,3869.242010116577,0.1446626474953966,0.1424602997793625,83274637
3889.852813720703,0.1170551776885986,740.347174167633,26,0,740.347174167633,0.1345898129467612,95000000,4633.868929386139,0.1337035651419135,0.13191122493162,83274637
4497.354725599289,0.13773369789123535,880.6883730888367,31,0,880.6883730888367,0.1315634959333721,95000000,5382.261634588242,0.12758148792439813,0.12887290589455552,83274637
