accumulated_eval_time,accumulated_logging_time,accumulated_submission_time,global_step,preemption_count,score,test/loss,test/num_examples,total_duration,train/loss,validation/loss,validation/num_examples
136.46655893325806,0.0,6.925509929656982,1,0,6.925509929656982,0.3223806629111842,95000000,143.39210891723633,0.3137801588050224,0.3111956891602091,83274637
272.9622905254364,0.0186159610748291,127.62678337097168,172,0,127.62678337097168,0.140666729841694,95000000,400.6136791706085,0.1382192563054696,0.1373236061258382,83274637
422.9579355716705,0.0458176136016845,248.73374247550964,341,0,248.73374247550964,0.1344083289370888,95000000,671.7494881153107,0.1304730420826741,0.1313334884622399,83274637
571.4332447052002,0.0693202018737793,369.0974929332733,507,0,369.0974929332733,0.1321192386821546,95000000,940.6180577278136,0.1277387115003178,0.1293960580891101,83274637
704.7734303474426,0.0941309928894043,491.062753200531,675,0,491.062753200531,0.1332995728001644,95000000,1195.954173564911,0.1303638445693742,0.1307282029695214,83274637
854.9682350158691,0.11625194549560547,611.4339394569397,840,0,611.4339394569397,0.13102917450657894,95000000,1466.5481209754944,0.127391226156234,0.12821819049788008,83274637
