accumulated_eval_time,accumulated_logging_time,accumulated_submission_time,global_step,preemption_count,score,test/ctc_loss,test/num_examples,test/wer,total_duration,train/ctc_loss,train/wer,validation/ctc_loss,validation/num_examples,validation/wer
28.56682586669922,0.0,380.22749614715576,1,0,380.22749614715576,6.03855813278276,2472,0.899579550301627,409.293242931366,5.96937314814187,0.9417847899769348,6.054882537798875,5348,0.8967218654950997
55.62106561660767,0.054584264755249,1876.098459720612,5,0,1876.098459720612,5.399292696302988,2472,0.8986452176385757,1933.212450504303,5.375673364432119,0.9408914204034782,5.537103880977496,5348,0.8963356346255974
86.5934476852417,0.1617136001586914,3374.6413152217865,9,0,3374.6413152217865,1.249638787179818,2472,0.37292060203522026,3463.7921738624573,1.3610604239695703,0.4022978548301515,1.547748942008238,5348,0.4170810602037368
