accumulated_eval_time,accumulated_logging_time,accumulated_submission_time,global_step,preemption_count,score,test/loss,test/num_examples,total_duration,train/loss,validation/loss,validation/num_examples
813.2024230957031,0.0,5.978386402130127,1,0,5.978386402130127,0.1781409085902967,95000000,819.5183503627777,0.1692449013026845,0.1715088026213972,83274637
1490.167714595795,0.0282256603240966,125.85695767402648,175,0,125.85695767402648,0.3671675238408139,95000000,1617.0066587924955,0.3629049787168856,0.3599043224535774,83274637
2165.8773000240326,0.0642704963684082,245.8186321258545,349,0,245.8186321258545,0.1348444110650313,95000000,2413.39273262024,0.1314837608127113,0.1317178354973275,83274637
2838.8662111759186,0.0856654644012451,365.83065128326416,532,0,365.83065128326416,0.1323399252381174,95000000,3207.031290769577,0.1285894645772198,0.1295910459104207,83274637
3513.4689061641693,0.10648989677429199,485.5968179702759,705,0,485.5968179702759,0.13170883989567003,95000000,4002.031220436096,0.12825231411324467,0.12900995477939756,83274637
