{
  "learning_rate": 0.001768509931943289,
  "beta1": 0.9414979138541995,
  "beta2": 0.9768053375036079,
  "weight_decay": 0.0279513959224539,
  "warmup_steps_fraction": 0.02,
  "disable_preconditioning": false,
  "nesterov": true,
  "dropout_rate": 0.0,
  "aux_dropout_rate": 0.1,
  "label_smoothing": 0.2,
  "cosine_decay_fraction": 1.0
}