accumulated_eval_time,accumulated_logging_time,accumulated_submission_time,global_step,preemption_count,score,test/accuracy,test/loss,test/num_examples,total_duration,train/accuracy,train/loss,validation/accuracy,validation/loss,validation/num_examples
202.970308303833,0.0,189.5790982246399,1,0,189.5790982246399,0.0009,68.108675,10000,393.1686654090881,0.0012954400510204,18.75652079679528,0.00116,17.3458475,50000
310.5134654045105,0.030377626419067383,753.5948204994202,8,0,753.5948204994202,0.0835,5.21295625,10000,1066.0183808803558,0.12362484056122448,4.733466012137277,0.11588,4.8089415625,50000
