accumulated_eval_time,accumulated_logging_time,accumulated_submission_time,global_step,preemption_count,score,test/accuracy,test/loss,test/num_examples,total_duration,train/accuracy,train/loss,validation/accuracy,validation/loss,validation/num_examples
192.88408422470093,0.0,184.57338190078733,1,0,184.57338190078733,0.0071,6.757184375,10000,378.06536746025085,0.010383450255102,6.719284369021046,0.00972,6.732390625,50000
294.73730421066284,0.033310890197753906,741.7947161197662,8,0,741.7947161197662,0.0891,5.086890625,10000,1038.4745697975159,0.1475207270408163,4.5447340984733735,0.13358,4.6226859375,50000
