accumulated_eval_time,accumulated_logging_time,accumulated_submission_time,global_step,preemption_count,score,test/accuracy,test/loss,test/num_examples,total_duration,train/accuracy,train/loss,validation/accuracy,validation/loss,validation/num_examples
35.05664944648743,0,110.14282083511353,1,0,110.14282083511353,0.0010000000474974513,1181.8233642578125,10000,145.19957995414734,0.000737404334358871,1172.5843505859375,0.0009999999310821295,1193.8543701171875,50000
