global_step,grad_norm,loss,train/accuracy,train/loss,validation/accuracy,validation/loss,validation/num_examples,test/accuracy,test/loss,test/num_examples,score,total_duration,accumulated_submission_time,accumulated_eval_time,accumulated_logging_time,preemption_count
0,111.14794,10.907527,,,,,,,,,,,,,,
1,,,0.000737404334358871,1172.5843505859375,0.0009999999310821295,1193.8543701171875,50000.0,0.0010000000474974513,1181.8233642578125,10000.0,110.14282083511353,145.19957995414734,110.14282083511353,35.05664944648743,0.0,0.0
