accumulated_eval_time,accumulated_logging_time,accumulated_submission_time,global_step,preemption_count,score,test/accuracy,test/bleu,test/loss,test/num_examples,total_duration,train/accuracy,train/bleu,train/loss,validation/accuracy,validation/bleu,validation/loss,validation/num_examples
833.3373854160309,0.0,75.11217594146729,1,0,75.11217594146729,0.0007088489919237,1.671548102157015e-07,13.11515745744001,3003,909.0410676002502,0.0006549766736377,7.117520179728964e-08,13.086838990646472,0.0004835649898947,6.12304109255654e-08,13.0906374378495,3000
1285.2183454036713,0.0314197540283203,913.89727973938,2164,0,913.89727973938,0.5477194817268026,18.84400210373974,2.788173624426239,3003,2201.726693868637,0.5496455527770768,23.73761772620864,2.7568256541214526,0.5532231466441829,20.49410835861869,2.721115322500651,3000
1695.1355862617493,0.06892991065979,1752.7946615219116,4326,0,1752.7946615219116,0.6273545988030911,24.014750664374606,2.10639852419964,3003,3452.5486991405487,0.6077199801043366,28.902935904580247,2.242241269620941,0.6213438147078152,25.497423422135714,2.1360844099887166,3000
2093.552551984787,0.097496747970581,2591.776917219162,6487,0,2591.776917219162,0.6548021614084016,26.434743279463888,1.878689682470513,3003,4691.81130862236,0.6396859988818274,30.77135077411737,1.9893973277957169,0.6465759878984761,27.50251510018056,1.92861701187834,3000
2532.8556225299835,0.1258723735809326,3430.443232536316,8648,0,3430.443232536316,0.6645401196908953,27.2731283129032,1.77561897187845,3003,5971.5532920360565,0.6396476176237191,30.53901550094856,1.9404684463088409,0.6564456733332507,27.82813875470304,1.82348482969833,3000
2934.264298200608,0.1543436050415039,4269.3529047966,10809,0,4269.3529047966,0.671465922956249,27.92158855466317,1.7305429667073384,3003,7213.702778816223,0.6428374592385064,31.44171994990413,1.930395264490424,0.6615293052782979,28.32681087397585,1.7933844589651708,3000
3410.726038455963,0.1813204288482666,5107.935768127441,12970,0,5107.935768127441,0.6821916216373249,28.508419213641908,1.6609243361803498,3003,8530.635324716568,0.6598278302963876,32.4808753647314,1.8197527058501164,0.6703202688125379,29.22674771940929,1.732588754324187,3000
3846.2302560806274,0.21157026290893555,5946.791254281998,15132,0,5946.791254281998,0.6888733949218523,29.226129177183243,1.623123656382546,3003,9806.797525167465,0.6671864608893068,33.09513160418294,1.768136602208361,0.6758874657474799,29.693501770084993,1.6960561555343394,3000
