accumulated_eval_time,accumulated_logging_time,accumulated_submission_time,global_step,preemption_count,score,test/ctc_loss,test/num_examples,test/wer,total_duration,train/ctc_loss,train/wer,validation/ctc_loss,validation/num_examples,validation/wer
45.96103096008301,0.0,418.2839162349701,1,0,418.2839162349701,8.549510452287244,2472,0.899579550301627,464.6302084922791,8.493006414694117,0.9414458815520762,8.583604895017078,5348,0.8967218654950997
74.13489747047424,0.038457632064819336,1869.7833278179169,6,0,1869.7833278179169,5.060042583392477,2472,0.8418540409887677,1945.4466621875763,5.219652545927641,0.8731381892443839,5.227184501833434,5348,0.849553420557138
