accumulated_eval_time,accumulated_logging_time,accumulated_submission_time,global_step,preemption_count,score,test/ctc_loss,test/num_examples,test/wer,total_duration,train/ctc_loss,train/wer,validation/ctc_loss,validation/num_examples,validation/wer
45.85608243942261,0.0,388.2469158172608,1,0,388.2469158172608,6.757426285566811,2472,0.899579550301627,434.5275566577912,6.842037333588279,0.9412185988027226,6.793059008941129,5348,0.8967218654950997
73.45740795135498,0.037192583084106445,1831.3530509471893,6,0,1831.3530509471893,11.636574133815085,2472,0.899579550301627,1906.4047501087189,11.731289671632414,0.9412185988027226,11.657821290436006,5348,0.8967218654950997
