accumulated_eval_time,accumulated_logging_time,accumulated_submission_time,global_step,preemption_count,score,test/accuracy,test/loss,test/num_examples,total_duration,train/accuracy,train/loss,validation/accuracy,validation/loss,validation/num_examples
194.96956419944763,0.0,184.34703302383423,1,0,184.34703302383423,0.0143,6.439761328125,10000,379.9522976875305,0.0189134247448979,6.279914700255102,0.01852,6.31770375,50000
300.47003388404846,0.037087440490722656,742.610682964325,8,0,742.610682964325,0.154,4.578725390625,10000,1045.1312680244446,0.2430046237244898,3.682764481525032,0.22672,3.833003125,50000
