accumulated_eval_time,accumulated_logging_time,accumulated_submission_time,global_step,preemption_count,score,test/loss,test/num_examples,total_duration,train/loss,validation/loss,validation/num_examples
813.7585341930389,0.0,20.180546522140503,1,0,20.180546522140503,5.491383627631579,95000000,833.9391238689423,5.583472466318862,5.473028470128606,83274637
1459.3129370212555,0.0304608345031738,140.67023754119873,173,0,140.67023754119873,0.1483254785567434,95000000,1600.019988298416,0.1458343173019916,0.1447981743847919,83274637
2103.6713399887085,0.0541539192199707,261.1856644153595,340,0,261.1856644153595,0.1377929502467105,95000000,2364.9236438274384,0.1378541171386744,0.1341296323257595,83274637
2762.9054136276245,0.0747818946838378,381.6701340675354,509,0,381.6701340675354,0.1341505603824013,95000000,3144.669351577759,0.1288046196993417,0.1313357349293181,83274637
3407.5028409957886,0.1076223850250244,502.3811764717102,676,0,502.3811764717102,0.1338056634148848,95000000,3910.016973972321,0.1297763486117499,0.1309284565232197,83274637
4084.046215057373,0.13152527809143066,623.1184792518616,851,0,623.1184792518616,0.1314912490542763,95000000,4707.327873706818,0.12842778708059457,0.1289190508288406,83274637
