accumulated_eval_time,accumulated_logging_time,accumulated_submission_time,global_step,preemption_count,score,test/ctc_loss,test/num_examples,test/wer,total_duration,train/ctc_loss,train/wer,validation/ctc_loss,validation/num_examples,validation/wer
27.8038341999054,0.0,381.4131264686585,1,0,381.4131264686585,6.118427801793664,2472,0.899579550301627,409.6359674930573,6.112285475094182,0.9418930165695696,6.135312672669278,5348,0.8967218654950997
55.17007040977478,0.049536705017089844,1877.840768814087,5,0,1877.840768814087,7.688154074456417,2472,0.899579550301627,1934.4294619560242,6.7190263843692195,0.9418930165695695,7.759959877938517,5348,0.8967218654950997
