accumulated_eval_time,accumulated_logging_time,accumulated_submission_time,global_step,preemption_count,score,test/loss,test/num_examples,total_duration,train/loss,validation/loss,validation/num_examples
789.8597497940063,0.0,5.6777544021606445,1,0,5.6777544021606445,0.8796549648495323,95000000,795.8486490249634,0.91049090003697,0.8444924676099533,83274637
1445.180738210678,0.0330085754394531,125.48249101638794,193,0,125.48249101638794,0.1401765847897579,95000000,1571.7800691127777,0.1373025495146725,0.1372711704385105,83274637
2087.8505284786224,0.0544495582580566,245.4028444290161,385,0,245.4028444290161,0.1327199930382979,95000000,2335.0806670188904,0.1285835859487513,0.1301032840016982,83274637
2768.565265893936,0.07809662818908691,365.6915714740753,569,0,365.6915714740753,0.1308507494465075,95000000,3136.8897771835327,0.12618622098408658,0.12838677736000656,83274637
