accumulated_eval_time,accumulated_logging_time,accumulated_submission_time,global_step,preemption_count,score,test/ctc_loss,test/num_examples,test/wer,total_duration,train/ctc_loss,train/wer,validation/ctc_loss,validation/num_examples,validation/wer
27.485567092895508,0.0,385.8726840019226,1,0,385.8726840019226,6.107350070972321,2472,0.899579550301627,413.8083946704865,6.025701253536557,0.941634684804499,6.130439867138839,5348,0.8967218654950997
57.725202560424805,0.04641103744506836,1898.1401760578156,5,0,1898.1401760578156,1.338609345764243,2472,0.4008896471878618,1957.2856867313385,1.451211515949913,0.43265352650920913,1.6560239602169982,5348,0.4496692898179887
