accumulated_eval_time,accumulated_logging_time,accumulated_submission_time,global_step,preemption_count,score,test/loss,test/num_examples,total_duration,train/loss,validation/loss,validation/num_examples
832.66042137146,0.0,38.15213346481323,1,0,38.15213346481323,8.012962074108245,95000000,871.2078192234039,7.703222493387314,7.734775155681157,83274637
1531.262521028519,0.021268606185913,194.83582973480225,6,0,194.83582973480225,0.1462198112233212,95000000,1727.1943776607511,0.1421762377337191,0.1426440518918429,83274637
2207.5379939079285,0.0531387329101562,318.66913414001465,10,0,318.66913414001465,0.141069768877451,95000000,2527.9741253852844,0.1374513950538217,0.1377958909097483,83274637
2921.956681013108,0.0746467113494873,474.2324011325836,15,0,474.2324011325836,0.1390388017658434,95000000,3398.6174125671387,0.1397591833722014,0.1358968374461651,83274637
3619.5236506462097,0.0965535640716552,595.0200006961823,19,0,595.0200006961823,0.1366676402028937,95000000,4217.626512050629,0.1343191077036022,0.1337705655296534,83274637
4306.68315911293,0.1176414489746093,718.4027950763702,23,0,718.4027950763702,0.1343412149304038,95000000,5028.810667514801,0.1311599782550974,0.1319158115949115,83274637
4977.782897233963,0.1391756534576416,838.1322844028473,27,0,838.1322844028473,0.1322124733309294,95000000,5820.277609348297,0.1281171952180154,0.1297155649797302,83274637
5656.800797462463,0.16028928756713867,960.7287971973419,31,0,960.7287971973419,0.1313369656889263,95000000,6622.538698196411,0.12791746179101438,0.12882408631348854,83274637
