accumulated_eval_time,accumulated_logging_time,accumulated_submission_time,global_step,preemption_count,score,test/ctc_loss,test/num_examples,test/wer,total_duration,train/ctc_loss,train/wer,validation/ctc_loss,validation/num_examples,validation/wer
33.37661790847778,0.0,7.997395038604736,1,0,7.997395038604736,31.096102974385445,2472,1.6832002924867466,41.78287744522095,32.031581864763105,1.6654850110137522,31.04864250552541,5348,1.6713271858253271
59.487669944763184,0.0363051891326904,1448.2567222118378,1009,0,1448.2567222118378,6.163428285695852,2472,0.899579550301627,1509.4255847930908,6.056237452089797,0.9418084202436556,6.191851265822785,5348,0.8967218654950997
85.83647084236145,0.0763542652130127,2888.451431274414,2017,0,2888.451431274414,5.632837602425963,2472,0.899579550301627,2977.4205701351166,5.709491374473579,0.9418084202436556,5.652160092676311,5348,0.8967218654950997
