accumulated_eval_time,accumulated_logging_time,accumulated_submission_time,global_step,preemption_count,score,test/accuracy,test/loss,test/num_examples,total_duration,train/accuracy,train/loss,validation/accuracy,validation/loss,validation/num_examples
190.51973223686215,0.0,185.52057361602783,1,0,185.52057361602783,0.0056,6.84179375,10000,376.7141928672791,0.0075534119897959,6.817288145727041,0.00662,6.8255475,50000
293.81048011779785,0.03358650207519531,743.7828998565674,8,0,743.7828998565674,0.0815,5.153689453125,10000,1039.6800482273102,0.13410794005102042,4.6310577392578125,0.12366,4.707675625,50000
