accumulated_eval_time,accumulated_logging_time,accumulated_submission_time,global_step,preemption_count,score,test/ctc_loss,test/num_examples,test/wer,total_duration,train/ctc_loss,train/wer,validation/ctc_loss,validation/num_examples,validation/wer
27.22030568122864,0.0,380.3664917945862,1,0,380.3664917945862,6.075516968836699,2472,0.899579550301627,408.01541447639465,5.995255579189034,0.9418502774442676,6.0971347102923446,5348,0.8967218654950997
54.93153476715088,0.04464864730834961,1876.1018524169922,5,0,1876.1018524169922,5.189556181043939,2472,0.8970609144273151,1932.4078404903412,5.208578530672879,0.9393678813641821,5.37460678496082,5348,0.8953604016801043
