accumulated_eval_time,accumulated_logging_time,accumulated_submission_time,global_step,preemption_count,score,test/accuracy,test/loss,test/num_examples,total_duration,train/accuracy,train/loss,validation/accuracy,validation/loss,validation/num_examples
189.9689462184906,0.0,186.8604862689972,1,0,186.8604862689972,0.001,22.9607734375,10000,377.4535310268402,0.0006975446428571,24.28504663584184,0.00108,23.808775,50000
291.0936872959137,0.0376908779144287,751.1212632656097,8,0,751.1212632656097,0.0574,7.37183984375,10000,1044.2538743019104,0.0889269770408163,8.147791025589923,0.08482,7.5166525,50000
395.1219251155853,0.08337640762329102,1311.0931181907654,15,0,1311.0931181907654,0.1634,4.4788703125,10000,1709.5152430534363,0.23774314413265307,3.8228177440409756,0.2157,3.9516159375,50000
