{
  "learning_rate": 0.003689112930403633,
  "beta1": 0.9762202917508654,
  "beta2": 0.995244058350173,
  "weight_decay": 0.061885025693737994,
  "warmup_steps_fraction": 0.05,
  "nesterov": true,
  "power": 1.5,
  "dropout_rate": 0.0,
  "aux_dropout_rate": 0.0,
  "label_smoothing": 0.2,
  "cosine_decay_fraction": 1.0
}