accumulated_eval_time,accumulated_logging_time,accumulated_submission_time,global_step,preemption_count,score,test/accuracy,test/loss,test/num_examples,total_duration,train/accuracy,train/loss,validation/accuracy,validation/loss,validation/num_examples
187.07568526268005,0.0,185.8515572547913,1,0,185.8515572547913,0.0069,6.7599078125,10000,373.6141345500946,0.0084701849489795,6.726272271603954,0.00914,6.734185625,50000
285.80376625061035,0.0337529182434082,747.1559145450592,8,0,747.1559145450592,0.0864,5.0998765625,10000,1035.0239515304563,0.1407246492346938,4.552651541573661,0.1281,4.6376925,50000
390.57803606987,0.07932353019714355,1304.748389005661,15,0,1304.748389005661,0.2023,4.19332265625,10000,1698.6751737594604,0.30313297193877553,3.4710054981465244,0.2734,3.6116621875,50000
