accumulated_eval_time,accumulated_logging_time,accumulated_submission_time,global_step,preemption_count,score,test/accuracy,test/loss,test/num_examples,total_duration,train/accuracy,train/loss,validation/accuracy,validation/loss,validation/num_examples
200.5345408916473,0.0,188.24106669425964,1,0,188.24106669425964,0.0031,7.55564453125,10000,389.47104263305664,0.0028300382653061,7.77716064453125,0.00298,7.569298125,50000
309.1295118331909,0.04678201675415039,749.1025319099426,8,0,749.1025319099426,0.0522,5.54265390625,10000,1060.4623556137085,0.07310267857142858,5.253158880739796,0.06738,5.295441875,50000
