accumulated_eval_time,accumulated_logging_time,accumulated_submission_time,global_step,preemption_count,score,test/ctc_loss,test/num_examples,test/wer,total_duration,train/ctc_loss,train/wer,validation/ctc_loss,validation/num_examples,validation/wer
46.96949505805969,0.0,421.9463183879852,1,0,421.9463183879852,6.353525227434028,2472,0.899579550301627,469.3460524082184,6.404630383741178,0.9413314999427066,6.352427023683946,5348,0.8967218654950997
75.59002637863159,0.04000139236450195,1875.0891416072845,6,0,1875.0891416072845,5.24890154203497,2472,0.8805476001868665,1952.319569826126,5.465308328761335,0.9192980733028859,5.529653986462729,5348,0.8825665041278424
