accumulated_eval_time,accumulated_logging_time,accumulated_submission_time,global_step,preemption_count,score,test/loss,test/num_examples,total_duration,train/loss,validation/loss,validation/num_examples
744.6410663127899,0.0,5.612022876739502,1,0,5.612022876739502,37.808340414134456,95000000,750.5860810279846,36.29071398950951,36.490956548620446,83274637
1385.079218864441,0.0255045890808105,125.5743157863617,196,0,125.5743157863617,0.1508656192643015,95000000,1511.7151424884796,0.147461922387456,0.147079612283366,83274637
2016.347627878189,0.0560019016265869,245.60916447639465,393,0,245.60916447639465,0.1447384851657666,95000000,2263.758371591568,0.1413896884170978,0.1423409627642693,83274637
2626.1728785037994,0.0775902271270752,365.40321016311646,596,0,365.40321016311646,0.1394825860902485,95000000,2994.114628314972,0.1361420171340103,0.1374827793246033,83274637
3239.501696109772,0.1033473014831543,485.129124879837,796,0,485.129124879837,0.1369980624064797,95000000,3727.8620364666,0.1336216138737738,0.1349117997601863,83274637
3838.244149684906,0.1275744438171386,605.3832433223724,998,0,605.3832433223724,0.1373928174531635,95000000,4447.624091863632,0.1323764206582877,0.1347646304211054,83274637
4424.88774728775,0.150949478149414,725.1360623836517,1193,0,725.1360623836517,0.1402979294380589,95000000,5154.713974237442,0.1385157132618288,0.1376337620548082,83274637
5012.935217857361,0.17315959930419922,845.0082678794861,1387,0,845.0082678794861,0.13180108876848723,95000000,5863.299555063248,0.127723202476699,0.12926909985921262,83274637
