accumulated_eval_time,accumulated_logging_time,accumulated_submission_time,global_step,preemption_count,score,test/loss,test/num_examples,total_duration,train/loss,validation/loss,validation/num_examples
147.59494137763977,0.0,7.814554214477539,1,0,7.814554214477539,0.8503762558388158,95000000,155.40953254699707,0.8487150620364543,0.8368172592574615,83274637
170.23895478248596,0.0189025402069091,1208.207709789276,1407,0,1208.207709789276,0.1284913251336348,95000000,1378.511965751648,0.1260321031107842,0.1260537009305726,83274637
192.8669326305389,0.0475032329559326,2408.27399134636,2865,0,2408.27399134636,0.127635346145148,95000000,2601.282529592514,0.1246685689350344,0.1252304640318486,83274637
215.96005177497864,0.0773482322692871,3608.8546044826494,4319,0,3608.8546044826494,0.1277550631990131,95000000,3825.033570766449,0.1247461002858929,0.1253088213795666,83274637
238.9253134727478,0.104034423828125,4809.423162698746,5771,0,4809.423162698746,0.1269283633223684,95000000,5048.641127824783,0.1228359821457533,0.1245374186624344,83274637
262.0271625518799,0.1279370784759521,6009.933538913727,7210,0,6009.933538913727,0.1265987046361019,95000000,6272.323910951614,0.1220053716463113,0.1242103954623062,83274637
285.2183163166046,0.15532350540161133,7209.936174631119,8658,0,7209.936174631119,0.12606536825657894,95000000,7495.591760158539,0.12356763558005388,0.12375633370368219,83274637
