accumulated_eval_time,accumulated_logging_time,accumulated_submission_time,global_step,preemption_count,score,test/ctc_loss,test/num_examples,test/wer,total_duration,train/ctc_loss,train/wer,validation/ctc_loss,validation/num_examples,validation/wer
27.5586531162262,0.0,378.8322305679321,1,0,378.8322305679321,6.050139121878831,2472,0.899579550301627,406.8715662956238,5.983477244336406,0.9418502774442676,6.068603074141048,5348,0.8967218654950997
54.31114101409912,0.049199104309082,1868.9850504398344,5,0,1868.9850504398344,5.014642476933996,2472,0.8767696463753987,1924.696742773056,5.028081636787197,0.9186542060118332,5.209441556158328,5348,0.8818133539323131
84.92206048965454,0.136627197265625,3360.716450214386,9,0,3360.716450214386,1.289125709723208,2472,0.382548290780574,3448.045083284378,1.4175826749721463,0.4197899427804999,1.5743658132095137,5348,0.42937285762564575
