global_step,grad_norm,loss,train/accuracy,train/loss,validation/accuracy,validation/loss,validation/num_examples,test/accuracy,test/loss,test/num_examples,score,total_duration,accumulated_submission_time,accumulated_eval_time,accumulated_logging_time,preemption_count
0,168.96504,11.108839,,,,,,,,,,,,,,
1,,,0.0008769132546149194,523.7476196289062,0.0009999999310821295,533.4216918945312,50000.0,0.0006000000284984708,525.1183471679688,10000.0,109.93097639083862,146.57047057151794,109.93097639083862,36.639371156692505,0.0,0.0
