accumulated_eval_time,accumulated_logging_time,accumulated_submission_time,global_step,preemption_count,score,test/accuracy,test/loss,test/num_examples,total_duration,train/accuracy,train/loss,validation/accuracy,validation/loss,validation/num_examples
297.1065287590027,0.0,191.6523480415344,1,0,191.6523480415344,0.001,55.73051875,10000,489.462598323822,0.0011758609693877,57.284199617346935,0.00116,52.740855,50000
409.36174035072327,0.04171466827392578,756.4922866821289,8,0,756.4922866821289,0.0588,6.292207421875,10000,1168.0488629341125,0.08254942602040816,6.1112359494579085,0.07988,5.91356375,50000
