accumulated_eval_time,accumulated_logging_time,accumulated_submission_time,global_step,preemption_count,score,test/loss,test/num_examples,total_duration,train/loss,validation/loss,validation/num_examples
778.7469351291656,0.0,5.451383590698242,1,0,5.451383590698242,0.4721400419761256,95000000,784.5446391105652,0.4625387259781179,0.4544171862064709,83274637
1454.111010313034,0.0308303833007812,125.02067613601685,185,0,125.02067613601685,0.1390838426531741,95000000,1580.260659456253,0.1344398660389235,0.1356379018438681,83274637
2110.141289949417,0.0535681247711181,245.2720727920532,366,0,245.2720727920532,0.8252318637441535,95000000,2357.2778930664062,0.8137383535614275,0.8061906955146383,83274637
2757.3218626976013,0.0745215415954589,365.084257364273,551,0,365.084257364273,0.1416795031743903,95000000,3125.0470464229584,0.1371908751965894,0.1387444444460235,83274637
3407.840317964554,0.0954892635345459,485.162930727005,740,0,485.162930727005,0.1328774791604293,95000000,3896.390639066696,0.1272511009278335,0.1301959183219151,83274637
4103.672693967819,0.11625432968139648,605.1701505184174,924,0,605.1701505184174,0.1314085538293939,95000000,4712.972969532013,0.12782387102437584,0.1288040905667667,83274637
