accumulated_eval_time,accumulated_logging_time,accumulated_submission_time,global_step,preemption_count,score,test/loss,test/num_examples,total_duration,train/loss,validation/loss,validation/num_examples
787.3994925022125,0.0,5.662171125411987,1,0,5.662171125411987,7.253325078022204,95000000,793.4449951648712,7.283416877012423,7.178997891635445,83274637
1474.986486196518,0.0321443080902099,125.72407627105711,185,0,125.72407627105711,0.1863504077325118,95000000,1601.8840517997742,0.184528847553804,0.184735147792455,83274637
2150.8152182102203,0.0552260875701904,245.45723628997803,372,0,245.45723628997803,1.2327523955974378,95000000,2398.178292989731,1.1899228501238974,1.2173483944995158,83274637
2807.757177591324,0.0760619640350341,365.47416520118713,558,0,365.47416520118713,0.1346883301910802,95000000,3175.919168949127,0.1345428425841401,0.1325084107076272,83274637
3435.874752521515,0.0981159210205078,485.35406255722046,749,0,485.35406255722046,0.1320452493026733,95000000,3924.643159866333,0.129776594075868,0.1294335290285915,83274637
4078.024269580841,0.12035059928894043,604.9619822502136,941,0,604.9619822502136,0.1309635756654438,95000000,4687.1227850914,0.12690448660089995,0.12863365313321956,83274637
