accumulated_eval_time,accumulated_logging_time,accumulated_submission_time,global_step,preemption_count,score,test/ctc_loss,test/num_examples,test/wer,total_duration,train/ctc_loss,train/wer,validation/ctc_loss,validation/num_examples,validation/wer
32.61362385749817,0.0,7.953683614730835,1,0,7.953683614730835,30.39043809278018,2472,1.3779781853634758,40.97641086578369,31.402119260195416,1.3699798897459383,30.39181170886076,5348,1.347549847921595
58.45388102531433,0.0363409519195556,1447.2072043418884,995,0,1447.2072043418884,6.159348183753791,2472,0.899579550301627,1507.3557035923004,6.056663795915039,0.941718207097673,6.187652655339562,5348,0.8967218654950997
84.82289052009583,0.0781254768371582,2887.612275838852,1991,0,2887.612275838852,5.63890936512033,2472,0.899579550301627,2975.5949318408966,5.7022588908366965,0.941718207097673,5.651790031017681,5348,0.8967218654950997
