accumulated_eval_time,accumulated_logging_time,accumulated_submission_time,global_step,preemption_count,score,test/loss,test/num_examples,total_duration,train/loss,validation/loss,validation/num_examples
245.537693977356,0.0,7.250339984893799,1,0,7.250339984893799,10.007061925,95000000,252.7880733013153,10.081538636729402,10.109905789051954,83274637
387.3993034362793,0.0175950527191162,127.93153405189514,170,0,127.93153405189514,0.1411580177425986,95000000,515.3547232151031,0.139097605252041,0.1375688985396466,83274637
525.7332708835602,0.0452082157135009,248.4429919719696,341,0,248.4429919719696,0.1373638946957237,95000000,774.2339534759521,0.13268759066485,0.1342783681043226,83274637
676.4674730300903,0.06663179397583,368.66502475738525,510,0,368.66502475738525,0.1336409979440789,95000000,1045.217698097229,0.1310095973078559,0.1309283026355311,83274637
968.6305460929872,0.0947129726409912,490.5726745128632,685,0,490.5726745128632,0.1356202512335526,95000000,1459.3231284618378,0.1330159997227806,0.1329933948049662,83274637
1247.137101650238,0.1160280704498291,610.6835241317749,863,0,610.6835241317749,0.1322928590666118,95000000,1857.9679911136627,0.1287582170967973,0.1296392295148473,83274637
1656.0161879062653,0.14091706275939941,730.9512894153595,1043,0,730.9512894153595,0.13163238151726975,95000000,2387.145927429199,0.12858321353699426,0.12892162615645994,83274637
