accumulated_eval_time,accumulated_logging_time,accumulated_submission_time,global_step,preemption_count,score,test/loss,test/num_examples,total_duration,train/loss,validation/loss,validation/num_examples
754.2952554225922,0.0,34.44529151916504,1,0,34.44529151916504,3.8216307642346834,95000000.0,789.1323833465576,3.667126025059855,3.701491161032634,83274637.0
1364.8047790527344,0.0202739238739013,174.92176389694214,6,0,174.92176389694214,0.1466909391490735,95000000.0,1540.7510743141174,0.1449753022508099,0.143226933395101,83274637.0
1990.4398770332336,0.047375202178955,313.14418172836304,11,0,313.14418172836304,0.1796890828745792,95000000.0,2305.25018119812,0.1734666855168092,0.1763635445371364,83274637.0
2605.0637197494507,0.0679423809051513,456.4431748390198,16,0,456.4431748390198,0.140625147035418,95000000.0,3063.8258533477783,0.1361616516478298,0.1375529891214111,83274637.0
3275.509062767029,0.0913829803466796,595.2742960453033,21,0,595.2742960453033,0.1344875556938572,95000000.0,3873.8557810783386,0.1322755630407684,0.131968258736413,83274637.0
3895.328446626663,0.1129579544067382,741.0067930221558,26,0,741.0067930221558,0.132512976516322,95000000.0,4640.056406497955,0.1316871526609401,0.1301951001563255,83274637.0
4512.919313669205,0.1333470344543457,883.9873764514923,31,0,883.9873764514923,0.1318410435495878,95000000.0,5401.195536613464,0.1265308662906205,0.1290524137339568,83274637.0
,,,31,0,883.9873764514923,,,,,,
