accumulated_eval_time,accumulated_logging_time,accumulated_submission_time,global_step,preemption_count,score,test/loss,test/num_examples,total_duration,train/loss,validation/loss,validation/num_examples
780.1444282531738,0.0,28.57177782058716,1,0,28.57177782058716,0.8503762558388158,95000000,808.7162613868713,0.8468463904452774,0.8368172592574615,83274637
1421.8257610797882,0.0278341770172119,1228.7423870563507,1598,0,1228.7423870563507,0.1288763619243421,95000000,2650.64766907692,0.1248702893748223,0.1263681064777562,83274637
1975.130606174469,0.0526752471923828,2428.884154319763,3180,0,2428.884154319763,0.127769831404194,95000000,4404.169241905212,0.1239725394443895,0.1255837911030161,83274637
2510.5769984722137,0.0762691497802734,3628.899008989334,4769,0,3628.899008989334,0.1271725833778783,95000000,6139.704621553421,0.1227868999700126,0.1248668286374517,83274637
3014.85236287117,0.1007723808288574,4829.041712760925,6362,0,4829.041712760925,0.1267187205592105,95000000,7844.19842338562,0.1231808938882635,0.1244246466683037,83274637
3450.2752883434296,0.1261944770812988,6029.060523748398,7951,0,6029.060523748398,0.1263456119243421,95000000,9479.716093063354,0.1238401179793495,0.1240429508810858,83274637
3771.3364572525024,0.1506507396697998,7229.636588811874,9537,0,7229.636588811874,0.12600886850328946,95000000,11001.428214788437,0.12357816976383797,0.1236788677025395,83274637
