accumulated_eval_time,accumulated_logging_time,accumulated_submission_time,global_step,preemption_count,score,test/loss,test/num_examples,total_duration,train/loss,validation/loss,validation/num_examples
23.295365571975708,0.0,10.203853130340576,1,0,10.203853130340576,0.8503762558388158,95000000,33.49925804138184,0.8493481064742466,0.8368172592574615,83274637
46.41700482368469,0.0195643901824951,1210.9976806640625,1443,0,1210.9976806640625,0.1301636900287829,95000000,1257.4799888134005,0.1255414216023571,0.1275108076743252,83274637
69.66905093193054,0.0458786487579345,2411.2451190948486,2868,0,2411.2451190948486,0.1287231748663651,95000000,2481.052478790283,0.126384252038017,0.1265062363015764,83274637
92.89425802230836,0.0772542953491211,3611.6560015678406,4310,0,3611.6560015678406,0.1283516853412828,95000000,3704.767031431198,0.1238740333970987,0.1260706279782402,83274637
116.30304503440856,0.1033203601837158,4812.158488273621,5757,0,4812.158488273621,0.1282757280941611,95000000,4928.750337123871,0.1243281837716792,0.1259666987594464,83274637
139.7654194831848,0.1314749717712402,6012.18746638298,7195,0,6012.18746638298,0.1280350045435855,95000000,6152.315782546997,0.1237895994816186,0.1257409903585049,83274637
163.1279730796814,0.15444540977478027,7212.80980181694,8639,0,7212.80980181694,0.12775224659745066,95000000,7376.369530439377,0.12419185211073677,0.12537415616413916,83274637
