accumulated_eval_time,accumulated_logging_time,accumulated_submission_time,global_step,preemption_count,score,test/loss,test/num_examples,total_duration,train/loss,validation/loss,validation/num_examples
779.4563324451447,0.0,33.1326961517334,1,0,33.1326961517334,0.3636438680289821,95000000,812.8780920505524,0.3530358795277971,0.3549978768568414,83274637
1406.1462252140043,0.026123046875,167.7230134010315,6,0,167.7230134010315,0.149184655339773,95000000,1574.6864218711853,0.1447778299844162,0.1453085744897918,83274637
2048.0409195423126,0.0612196922302246,305.27320861816406,11,0,305.27320861816406,0.143928608189633,95000000,2354.765635490417,0.1409296827061355,0.1403160254633924,83274637
2677.7078244686127,0.0885279178619384,439.9954993724823,16,0,439.9954993724823,0.1607661236304835,95000000,3119.8391008377075,0.161814723267639,0.1581740359398094,83274637
3302.724107027054,0.1103315353393554,580.2062654495239,21,0,580.2062654495239,0.1363409351770902,95000000,3885.662438869476,0.1334768850895016,0.1330616139198401,83274637
3931.525300741196,0.1402931213378906,722.1509239673615,26,0,722.1509239673615,0.1457748536448027,95000000,4657.023867368698,0.142861130586348,0.1420837479728365,83274637
4535.476774692535,0.1627798080444336,861.5096669197083,31,0,861.5096669197083,0.1321563564256768,95000000,5401.001912117004,0.127743015328531,0.1293923547601434,83274637
5140.519250869751,0.18375349044799805,1002.5734221935272,36,0,1002.5734221935272,0.13157915873806603,95000000,6147.713218450546,0.12758297808206334,0.1290695286386588,83274637
