accumulated_eval_time,accumulated_logging_time,accumulated_submission_time,global_step,preemption_count,score,test/accuracy,test/bleu,test/loss,test/num_examples,total_duration,train/accuracy,train/bleu,train/loss,validation/accuracy,validation/bleu,validation/loss,validation/num_examples
836.3934645652771,0.0,74.77681112289429,1,0,74.77681112289429,0.0007088489919237,0.0,13.40340915693452,3003,911.7703647613524,0.000606983748869,0.0,13.3945050791942,0.0004835649898947,4.697956213005887e-10,13.386044500378173,3000
1281.9160776138306,0.0316781997680664,913.5184857845306,2161,0,913.5184857845306,0.5364824821335192,17.9171531443745,2.922302960316077,3003,2197.994230747223,0.5341395645440467,22.67951048566632,2.882646136524096,0.5381086409343964,19.25461824590663,2.8559615658826303,3000
1692.9514815807345,0.0717983245849609,1752.3414804935455,4320,0,1752.3414804935455,0.6166056591714602,23.62164326460634,2.2072046946720123,3003,3449.729365348816,0.5978906714200832,28.63591768002192,2.3494577063051327,0.6119080978537154,25.004812178031585,2.223641058387373,3000
2094.967010498047,0.0988681316375732,2591.137130498886,6479,0,2591.137130498886,0.6470280634477951,25.77422183303402,1.9570915766079835,3003,4692.434937477112,0.6327647830611229,30.228467629330044,2.056718297572728,0.6397812798353399,26.65772308675038,1.99620684337454,3000
2498.4434881210327,0.1274936199188232,3429.8522398471832,8638,0,3429.8522398471832,0.6633548312125966,27.22442478573416,1.825873169775144,3003,5936.447704553604,0.6424699315186742,31.48640687111714,1.959412765437072,0.6555157406603762,27.728720005796774,1.87250797417267,3000
2900.8093202114105,0.1560962200164795,4268.652424812317,10798,0,4268.652424812317,0.6744407646272732,28.20452644490544,1.7397710766370345,3003,7179.490200042725,0.6493769686863072,31.7146541333657,1.9094127452172505,0.6643810988084463,28.52579569088321,1.7973287296499734,3000
3395.987902402878,0.1833574771881103,5107.467826604843,12957,0,5107.467826604843,0.6827145430248097,28.674865984317105,1.677019965429086,3003,8515.298644065857,0.6625860137622019,32.21999900359769,1.8219715154424707,0.6708410311093477,29.21270904371185,1.743447461903758,3000
3924.831244468689,0.21117496490478516,5946.256695985794,15116,0,5946.256695985794,0.6877345883446633,29.29284985601836,1.63259906455174,3003,9884.811110496521,0.6705708581913016,33.4928602232253,1.7605698052135381,0.6748955375630804,29.696232820963733,1.7009206720933405,3000
