accumulated_eval_time,accumulated_logging_time,accumulated_submission_time,global_step,preemption_count,score,test/accuracy,test/loss,test/num_examples,total_duration,train/accuracy,train/loss,validation/accuracy,validation/loss,validation/num_examples
187.93258213996887,0.0,185.08319211006165,1,0,185.08319211006165,0.0085,6.75060078125,10000,373.7097010612488,0.0102240114795918,6.7150262326610335,0.01054,6.723965625,50000
287.5049059391022,0.0338990688323974,744.9853739738464,8,0,744.9853739738464,0.0826,5.19656640625,10000,1034.5437245368958,0.1394491390306122,4.606295838647959,0.12766,4.6824021875,50000
384.0551059246063,0.0791161060333252,1301.8557357788086,15,0,1301.8557357788086,0.1932,4.210720703125,10000,1689.266564130783,0.29783163265306123,3.4926321847098216,0.27224,3.6136996875,50000
