accumulated_eval_time,accumulated_logging_time,accumulated_submission_time,global_step,preemption_count,score,test/accuracy,test/loss,test/num_examples,total_duration,train/accuracy,train/loss,validation/accuracy,validation/loss,validation/num_examples
202.503026008606,0.0,188.71423435211184,1,0,188.71423435211184,0.0011,16.5690828125,10000,391.9620099067688,0.0008370535714285,13.72829515106824,0.0011,11.33317875,50000
311.9323146343231,0.04879188537597656,750.5555331707001,8,0,750.5555331707001,0.0564,5.59177109375,10000,1064.8142004013062,0.08647560586734694,5.235649887396365,0.079,5.26895,50000
