accumulated_eval_time,accumulated_logging_time,accumulated_submission_time,global_step,preemption_count,score,test/loss,test/num_examples,total_duration,train/loss,validation/loss,validation/num_examples
760.3693017959595,0.0,5.191786050796509,1,0,5.191786050796509,11.814616529857114,95000000,765.946676492691,11.82795191623788,11.85694342265547,83274637
1418.206362247467,0.0264163017272949,125.30031228065492,193,0,125.30031228065492,0.143840386444935,95000000,1544.6193861961365,0.1391863368958023,0.1406132482538065,83274637
2062.0697135925293,0.0484480857849121,245.069753408432,375,0,245.069753408432,0.1428698589563871,95000000,2308.9777557849884,0.1421520292249398,0.1394739859702096,83274637
2697.7323200702667,0.0746924877166748,364.6861600875855,562,0,364.6861600875855,0.1358061331767032,95000000,3064.968806028366,0.1328555330171112,0.1334607479448025,83274637
3347.062355995178,0.0966055393218994,484.5275194644928,747,0,484.5275194644928,0.1332740811138353,95000000,3834.9442920684814,0.1289290871477396,0.1310690920222666,83274637
3983.399043083191,0.1172573566436767,604.8823194503784,935,0,604.8823194503784,0.1321458788991827,95000000,4592.405273914337,0.1278213388794974,0.1291591955264922,83274637
4613.792242527008,0.13935494422912598,724.9975783824921,1122,0,724.9975783824921,0.1312251900080229,95000000,5343.730799674988,0.12895234593088747,0.1288662723825409,83274637
