accumulated_eval_time,accumulated_logging_time,accumulated_submission_time,global_step,preemption_count,score,test/accuracy,test/loss,test/num_examples,total_duration,train/accuracy,train/loss,validation/accuracy,validation/loss,validation/num_examples
194.07319450378415,0.0,185.13622760772705,1,0,185.13622760772705,0.0082,6.75893046875,10000,379.79297947883606,0.0115991709183673,6.720517528300383,0.00986,6.73298625,50000
295.27274894714355,0.04156684875488281,739.9909479618073,8,0,739.9909479618073,0.0918,5.09559921875,10000,1037.2310004234314,0.14610570790816327,4.554692482461735,0.13176,4.6442503125,50000
