accumulated_eval_time,accumulated_logging_time,accumulated_submission_time,global_step,preemption_count,score,test/loss,test/num_examples,total_duration,train/loss,validation/loss,validation/num_examples
769.3287672996521,0.0,5.479215621948242,1,0,5.479215621948242,0.5244772119522898,95000000,775.1672143936157,0.5104888600548104,0.5052013423495606,83274637
1458.3411004543304,0.0273420810699462,125.14420080184937,186,0,125.14420080184937,0.135911305689119,95000000,1584.5751156806946,0.1327970834633439,0.1329620344823091,83274637
2104.5058987140656,0.05093693733215332,245.19125032424927,374,0,245.19125032424927,0.13162154893690411,95000000,2351.449111700058,0.12751153964589979,0.1291564389287076,83274637
