accumulated_eval_time,accumulated_logging_time,accumulated_submission_time,global_step,preemption_count,score,test/ctc_loss,test/num_examples,test/wer,total_duration,train/ctc_loss,train/wer,validation/ctc_loss,validation/num_examples,validation/wer
28.01230502128601,0.0,385.82276487350464,1,0,385.82276487350464,6.080748757984386,2472,0.899579550301627,414.3065605163574,6.004002680992651,0.941180653949463,6.09943945273257,5348,0.8967218654950997
58.296804904937744,0.051056623458862305,1900.3502221107483,5,0,1900.3502221107483,1.4196326174269307,2472,0.4107001401498995,1960.2104580402374,1.5774364247389965,0.44853033693113126,1.7569053976416515,5348,0.4616617583160334
