accumulated_eval_time,accumulated_logging_time,accumulated_submission_time,global_step,preemption_count,score,test/loss,test/num_examples,total_duration,train/loss,validation/loss,validation/num_examples
754.0016763210297,0.0,5.855310440063477,1,0,5.855310440063477,40.83279584055304,95000000,760.2188711166382,39.77004683326132,39.47879028065067,83274637
1406.1001710891724,0.0255951881408691,125.66344237327576,197,0,125.66344237327576,0.1404880423328199,95000000,1532.8337199687958,0.1360548241034636,0.1371472929482372,83274637
2040.7417488098145,0.0581672191619873,245.87366890907288,390,0,245.87366890907288,0.1382272501568041,95000000,2288.4150960445404,0.1361692586842064,0.1355167505200634,83274637
2662.070421934128,0.0808174610137939,365.483598947525,585,0,365.483598947525,0.1386105932992634,95000000,3030.11528301239,0.1336148642348453,0.1367331286249241,83274637
3269.951316356659,0.1098742485046386,485.7191970348358,780,0,485.7191970348358,0.1320700395584909,95000000,3759.007225513458,0.1297677784262929,0.1296719860506413,83274637
3857.5836992263794,0.13204669952392578,605.7867724895477,977,0,605.7867724895477,0.1312665326819972,95000000,4467.439133167267,0.12911946834168542,0.1286513765035005,83274637
