accumulated_eval_time,accumulated_logging_time,accumulated_submission_time,global_step,preemption_count,score,test/loss,test/num_examples,total_duration,train/loss,validation/loss,validation/num_examples
821.2508561611176,0.0,22.11441731452942,1,0,22.11441731452942,1.3343101404605262,95000000,843.365312576294,1.306866928091589,1.290347726819722,83274637
1466.9219098091123,0.030888557434082,142.6945230960846,170,0,142.6945230960846,0.1392482899054276,95000000,1609.6526582241058,0.1380700596590649,0.1357846890573206,83274637
2108.149206161499,0.0537998676300048,263.04092621803284,340,0,263.04092621803284,0.1331314752364309,95000000,2371.2547681331635,0.127166473910025,0.1304859741784378,83274637
2742.961626768112,0.08050847053527832,383.2680366039276,513,0,383.2680366039276,0.13185875871710526,95000000,3126.3267600536346,0.12700137889610147,0.1291190810885417,83274637
