accumulated_eval_time,accumulated_logging_time,accumulated_submission_time,global_step,preemption_count,score,test/accuracy,test/loss,test/num_examples,total_duration,train/accuracy,train/loss,validation/accuracy,validation/loss,validation/num_examples
184.74779796600345,0.0,184.30535244941711,1,0,184.30535244941711,0.0173,6.31383046875,10000,369.65580534935,0.0251713966836734,6.073110775071747,0.0248,6.11012,50000
284.4912004470825,0.0342967510223388,741.7917068004608,8,0,741.7917068004608,0.158,4.62424140625,10000,1028.2040479183197,0.2305683992346938,3.882341657366072,0.21006,4.013766875,50000
384.4219853878021,0.08173489570617676,1296.8249700069427,15,0,1296.8249700069427,0.1391,4.9971265625,10000,1684.4185092449188,0.19836176658163265,4.230091328523597,0.18782,4.3413575,50000
