accumulated_eval_time,accumulated_logging_time,accumulated_submission_time,global_step,preemption_count,score,test/ctc_loss,test/num_examples,test/wer,total_duration,train/ctc_loss,train/wer,validation/ctc_loss,validation/num_examples,validation/wer
28.13083553314209,0.0,376.8313744068146,1,0,376.8313744068146,6.733836860442609,2472,0.8806288465053927,405.4572637081146,6.7763167786977965,0.9168193018032752,6.6306321579264615,5348,0.8832134408342587
58.216628074646,0.0499646663665771,1854.887839794159,5,0,1854.887839794159,0.9248100683915093,2472,0.289358763431032,1914.567842721939,1.020784565334026,0.3174320228516604,1.2282499497689372,5348,0.3501182832037851
89.07000589370728,0.14135527610778809,3338.3552706241608,9,0,3338.3552706241608,0.5170523602329182,2472,0.16675806877500862,3429.8981173038483,0.5665865803565632,0.18548984976341554,0.7671082879684047,5348,0.22366629652875006
