accumulated_eval_time,accumulated_logging_time,accumulated_submission_time,global_step,preemption_count,score,test/accuracy,test/loss,test/num_examples,total_duration,train/accuracy,train/loss,validation/accuracy,validation/loss,validation/num_examples
207.06513047218323,0.0,191.12399768829343,1,0,191.12399768829343,0.0013,92.30434375,10000,398.8882110118866,0.0012555803571428,35.44369818239796,0.00098,31.9452,50000
313.77467346191406,0.0545136928558349,758.7606427669525,8,0,758.7606427669525,0.056,7.20819375,10000,1074.61896109581,0.0851602359693877,5.575065768494898,0.08182,5.65018,50000
427.5458273887634,0.10529232025146484,1320.1796867847443,15,0,1320.1796867847443,0.1396,8.55844375,10000,1751.1683504581451,0.20926339285714285,6.948156240035076,0.1923,7.80491,50000
