accumulated_eval_time,accumulated_logging_time,accumulated_submission_time,global_step,preemption_count,score,test/accuracy,test/loss,test/num_examples,total_duration,train/accuracy,train/loss,validation/accuracy,validation/loss,validation/num_examples
198.93584728240967,0.0,187.57277822494507,1,0,187.57277822494507,0.0016,7.1755734375,10000,387.1381118297577,0.0018734056122448,7.329536905094069,0.0018,7.35108375,50000
307.3846745491028,0.042229413986206055,749.5950481891632,8,0,749.5950481891632,0.0703,5.81244375,10000,1058.9791655540466,0.1018813775510204,5.4408550651706,0.09312,5.46266,50000
