accumulated_eval_time,accumulated_logging_time,accumulated_submission_time,global_step,preemption_count,score,test/loss,test/num_examples,total_duration,train/loss,validation/loss,validation/num_examples
766.8145661354065,0.0,21.486416578292847,1,0,21.486416578292847,0.201722642680921,95000000,788.3010220527649,0.1981266912002608,0.1966450761822481,83274637
1392.6918122768402,0.0268912315368652,141.65851402282715,182,0,141.65851402282715,0.1471958280119243,95000000,1534.382675409317,0.142706849524435,0.1436346018311073,83274637
2009.38885641098,0.0486690998077392,261.9433445930481,365,0,261.9433445930481,0.1335974963301809,95000000,2271.3919167518616,0.1303665858441553,0.1309208884445512,83274637
2615.0059089660645,0.06981897354125977,382.09626746177673,546,0,382.09626746177673,0.131752361328125,95000000,2997.188574075699,0.12848317699284298,0.12922075235365105,83274637
