accumulated_eval_time,accumulated_logging_time,accumulated_submission_time,global_step,preemption_count,score,test/accuracy,test/loss,test/num_examples,total_duration,train/accuracy,train/loss,validation/accuracy,validation/loss,validation/num_examples
187.87397384643555,0.0,185.48101329803467,1,0,185.48101329803467,0.005,6.852709375,10000,374.0418004989624,0.0066167091836734,6.827250577965561,0.00694,6.8344075,50000
286.228045463562,0.0318703651428222,745.1544873714447,8,0,745.1544873714447,0.0791,5.169144140625,10000,1033.450163602829,0.1315967793367347,4.673637234434789,0.11834,4.7476940625,50000
388.796995639801,0.08172726631164551,1302.973474264145,15,0,1302.973474264145,0.1721,4.320951171875,10000,1695.103895187378,0.26632254464285715,3.5726112832828445,0.23972,3.7361065625,50000
