accumulated_eval_time,accumulated_logging_time,accumulated_submission_time,global_step,preemption_count,score,test/ctc_loss,test/num_examples,test/wer,total_duration,train/ctc_loss,train/wer,validation/ctc_loss,validation/num_examples,validation/wer
29.209630727767944,0.0,380.86406540870667,1,0,380.86406540870667,6.014842086586231,2472,0.899579550301627,410.5541133880615,5.963490218700691,0.9417257881814782,6.03069353400643,5348,0.8967218654950997
57.126023054122925,0.04610753059387207,1880.4469578266144,5,0,1880.4469578266144,5.757421043293116,2472,0.8513395486767006,1939.088530778885,5.763622558916846,0.8882806614383194,5.842952189446454,5348,0.8551248008497079
