accumulated_eval_time,accumulated_logging_time,accumulated_submission_time,global_step,preemption_count,score,test/accuracy,test/loss,test/num_examples,total_duration,train/accuracy,train/loss,validation/accuracy,validation/loss,validation/num_examples
202.91772508621216,0.0,190.33139038085932,1,0,190.33139038085932,0.0017,7.05055625,10000,393.9187438488007,0.001594387755102,7.043131925621811,0.0019,7.05497,50000
310.9967963695526,0.0520753860473632,758.2032458782196,8,0,758.2032458782196,0.0647,6.486083203125,10000,1071.275740146637,0.0880699936224489,6.166355678013393,0.08236,6.0017975,50000
421.8242015838623,0.10825800895690918,1317.7877342700958,15,0,1317.7877342700958,0.0786,5.6237171875,10000,1743.0779650211334,0.11363998724489796,5.044764927455357,0.1049,5.491569375,50000
