accumulated_eval_time,accumulated_logging_time,accumulated_submission_time,global_step,preemption_count,score,test/accuracy,test/loss,test/num_examples,total_duration,train/accuracy,train/loss,validation/accuracy,validation/loss,validation/num_examples
195.82704281806943,0.0,187.15885043144223,1,0,187.15885043144223,0.0059,6.85679375,10000,383.6641018390656,0.0068558673469387,6.838874038384885,0.00668,6.844698125,50000
298.1271231174469,0.0378003120422363,751.5925827026367,8,0,751.5925827026367,0.0814,5.1560921875,10000,1051.8160545825958,0.1353236607142857,4.621894057916135,0.12228,4.7082928125,50000
407.1208817958832,0.08973836898803711,1311.5019917488098,15,0,1311.5019917488098,0.1618,4.4219078125,10000,1722.0290126800537,0.25687579719387754,3.625794391242825,0.23192,3.798249375,50000
