accumulated_eval_time,accumulated_logging_time,accumulated_submission_time,global_step,preemption_count,score,test/ctc_loss,test/num_examples,test/wer,total_duration,train/ctc_loss,train/wer,validation/ctc_loss,validation/num_examples,validation/wer
46.87280297279358,0.0,421.5679204463959,1,0,421.5679204463959,6.6335541809148975,2472,0.899579550301627,468.8688910007477,6.675935642873909,0.9416723627249944,6.651789638587503,5348,0.8967218654950997
75.26529788970947,0.04688525199890137,1868.638355255127,6,0,1868.638355255127,11.32576053293761,2472,0.899579550301627,1945.5808365345001,11.333093795604299,0.9416723627249943,11.336617973930078,5348,0.8967218654950997
