accumulated_eval_time,accumulated_logging_time,accumulated_submission_time,global_step,preemption_count,score,test/ctc_loss,test/num_examples,test/wer,total_duration,train/ctc_loss,train/wer,validation/ctc_loss,validation/num_examples,validation/wer
31.4838662147522,0.0,6.078821659088135,1,0,6.078821659088135,29.67229498677334,2472,1.08725854609713,38.0836124420166,30.41561847723769,0.980919709221596,29.56299603174603,5348,1.0829141119103944
58.29221749305725,0.0414736270904541,1443.5612959861755,2246,0,1443.5612959861755,6.116003855087425,2472,0.8990920723904698,1505.6760277748108,6.2446035865813565,0.9410493070870428,6.290779774462528,5348,0.8964901269733984
87.85453724861145,0.0807361602783203,2881.089314937592,4491,0,2881.089314937592,1.2859870999741918,2472,0.3806796254544716,2976.1121740341187,1.4161326243843877,0.4138364779874214,1.6097061129633816,5348,0.4285231497127408
118.50524377822876,0.116584300994873,4318.270404577255,6734,0,4318.270404577255,0.7345192129330924,2472,0.2362236711149026,4447.486352920532,0.8190502602283735,0.2676141468594298,1.0303513348904962,5348,0.3026022304832714
148.37474250793457,0.1597218513488769,5755.752246141434,8982,0,5755.752246141434,0.5791148320052907,2472,0.1937318465257043,5918.46719455719,0.6356747882873358,0.2146696071224373,0.8509120469786016,5348,0.2559648529908753
178.4278175830841,0.2001023292541504,7193.491874217987,11230,0,7193.491874217987,0.5137841554293825,2472,0.1737452521682611,7389.735316753387,0.5587140267527047,0.1893272346102534,0.7790943810277275,5348,0.2332737894076184
209.39868807792664,0.23929333686828613,8630.893921613693,13479,0,8630.893921613693,0.46012469554487384,2472,0.15351491885523938,8861.70870065689,0.48750390086765527,0.16755152604209209,0.7124398208320776,5348,0.21598995799739293
