accumulated_eval_time,accumulated_logging_time,accumulated_submission_time,global_step,preemption_count,score,test/loss,test/num_examples,total_duration,train/loss,validation/loss,validation/num_examples
753.5348877906799,0.0,5.745728015899658,1,0,5.745728015899658,30.73781979552837,95000000,759.6274380683899,29.614828176885847,29.72341153927769,83274637
1370.2216746807098,0.0283248424530029,126.1646168231964,198,0,126.1646168231964,0.9596796926741752,95000000,1497.5036482810974,0.9250283004665104,0.9321698538685564,83274637
1999.917495727539,0.0597312450408935,246.1341907978058,394,0,246.1341907978058,0.1408899858418916,95000000,2247.9615049362183,0.137329145531076,0.1378786184580188,83274637
2618.509536504745,0.0814015865325927,365.907121181488,588,0,365.907121181488,0.1399842591814141,95000000,2987.0974979400635,0.1354670965540754,0.1367467951013306,83274637
3242.08569073677,0.1030468940734863,485.9121100902557,782,0,485.9121100902557,0.1345102456933272,95000000,3731.425037145615,0.1309664922651598,0.1318344918887116,83274637
3856.569178819656,0.1288211345672607,605.6177754402161,978,0,605.6177754402161,0.1321998515881588,95000000,4466.330324649811,0.1296120013209097,0.1293797189614374,83274637
4472.980276346207,0.1505458354949951,725.5962834358215,1170,0,725.5962834358215,0.1592422350389581,95000000,5203.495185852051,0.1561163163628666,0.1554636209116305,83274637
5061.583668231964,0.17627573013305664,845.6976478099823,1375,0,845.6976478099823,0.13085705383284718,95000000,5913.0035400390625,0.12893988091666078,0.12837553225880324,83274637
