accumulated_eval_time,accumulated_logging_time,accumulated_submission_time,global_step,preemption_count,score,test/accuracy,test/loss,test/num_examples,total_duration,train/accuracy,train/loss,validation/accuracy,validation/loss,validation/num_examples
187.9828622341156,0.0,186.17431378364563,1,0,186.17431378364563,0.0058,6.85123984375,10000,374.81166410446167,0.0070352359693877,6.8317161092952805,0.0075,6.83508375,50000
286.9335286617279,0.0310192108154296,747.0957703590393,8,0,747.0957703590393,0.0853,5.14584765625,10000,1036.021589756012,0.1336694834183673,4.645740431182238,0.12206,4.71978,50000
389.9809367656708,0.07534384727478027,1305.0921742916107,15,0,1305.0921742916107,0.172,4.3552640625,10000,1698.279583454132,0.26442920918367346,3.5706930355149873,0.24226,3.72868375,50000
