accumulated_eval_time,accumulated_logging_time,accumulated_submission_time,global_step,preemption_count,score,test/accuracy,test/loss,test/num_examples,total_duration,train/accuracy,train/loss,validation/accuracy,validation/loss,validation/num_examples
193.90414214134216,0.0,188.0792894363404,1,0,188.0792894363404,0.001,54.56935625,10000,382.627249956131,0.0011758609693877,46.73988062021684,0.00106,38.9673825,50000
296.3246796131134,0.049509048461914,752.1250784397125,8,0,752.1250784397125,0.0567,5.967721484375,10000,1050.3915646076202,0.0841238839285714,5.421928561463648,0.07948,5.466721875,50000
401.0563886165619,0.09713196754455566,1312.2017505168915,15,0,1312.2017505168915,0.1572,4.87596484375,10000,1716.5380268096924,0.2381218112244898,4.177075444435586,0.21806,4.1919221875,50000
