accumulated_eval_time,accumulated_logging_time,accumulated_submission_time,global_step,preemption_count,score,test/ctc_loss,test/num_examples,test/wer,total_duration,train/ctc_loss,train/wer,validation/ctc_loss,validation/num_examples,validation/wer
28.1691255569458,0.0,381.0114595890045,1,0,381.0114595890045,6.005522936963675,2472,0.899579550301627,409.7553517818451,5.960363329050989,0.9413314999427066,6.020486817485433,5348,0.8967218654950997
56.39338684082031,0.0470960140228271,1879.3416035175323,5,0,1879.3416035175323,4.962546777211433,2472,0.8871285519874881,1937.400513410568,5.017462762350359,0.923401376134274,5.124923476115129,5348,0.8864577801380775
88.33392548561096,0.1666710376739502,3380.080345392227,9,0,3380.080345392227,1.4476100272598231,2472,0.41246724757784414,3471.2357370853424,1.58051779160547,0.4469326174379457,1.7358605444419328,5348,0.4550475546758075
