accumulated_eval_time,accumulated_logging_time,accumulated_submission_time,global_step,preemption_count,score,test/loss,test/num_examples,total_duration,train/loss,validation/loss,validation/num_examples
735.8014919757843,0.0,5.7069618701934814,1,0,5.7069618701934814,18.43636391868832,95000000,741.8104929924011,18.320769079224508,18.400172088416195,83274637
1342.915452003479,0.0264589786529541,125.57473421096802,192,0,125.57473421096802,0.5597084854969225,95000000,1469.4500439167025,0.5464865741252711,0.5502649955647414,83274637
1941.2564632892609,0.0683205127716064,245.1672685146332,386,0,245.1672685146332,0.1349723111518458,95000000,2188.0844564437866,0.1310897052099152,0.1323091532893092,83274637
2547.2568740844727,0.0892806053161621,365.0433146953583,578,0,365.0433146953583,0.1324488471101058,95000000,2914.6187982559204,0.1300721724385081,0.1298124539364048,83274637
3145.8682873249054,0.11258792877197266,484.72854566574097,767,0,484.72854566574097,0.13152972790049502,95000000,3633.55944108963,0.12973959656634182,0.12895187872697186,83274637
