accumulated_eval_time,accumulated_logging_time,accumulated_submission_time,global_step,preemption_count,score,test/ctc_loss,test/num_examples,test/wer,total_duration,train/ctc_loss,train/wer,validation/ctc_loss,validation/num_examples,validation/wer
27.581461906433105,0.0,382.5586171150208,1,0,382.5586171150208,6.043792341441383,2472,0.899579550301627,410.5678148269653,5.980210915364499,0.9412552109228592,6.062097366636528,5348,0.8967218654950997
54.1604540348053,0.047642707824707,1887.550357103348,5,0,1887.550357103348,5.144068165688109,2472,0.8968171754717364,1943.0343856811523,5.1837705809548815,0.9381409503412028,5.314961322081575,5348,0.8950996958431903
84.14284229278564,0.151594877243042,3391.1019926071167,9,0,3391.1019926071167,1.0123933398928964,2472,0.3139560863648366,3477.5442276000977,1.1307178316563982,0.3485349316228576,1.3130777553307715,5348,0.3695650074832231
114.7610068321228,0.2735354900360107,4893.023774147034,13,0,4893.023774147034,0.5802876395251306,2472,0.1905429285235512,5011.103601694107,0.6303345758337225,0.2114910751848067,0.8469120061658629,5348,0.2518225269154637
145.3142580986023,0.38469457626342773,6396.195142507553,17,0,6396.195142507553,0.47965534066713983,2472,0.1635691507728556,6545.895975351334,0.5130954263313479,0.17681351042730933,0.7405478286053345,5348,0.22216965190942886
