accumulated_eval_time,accumulated_logging_time,accumulated_submission_time,global_step,preemption_count,score,test/loss,test/num_examples,total_duration,train/loss,validation/loss,validation/num_examples
740.4599151611328,0.0,5.320182800292969,1,0,5.320182800292969,7.00140464295847,95000000,746.1144807338715,6.927142905680045,7.046221802787718,83274637
1357.78920006752,0.028193712234497,125.37145233154295,193,0,125.37145233154295,0.1450401605113782,95000000,1484.23384642601,0.1427884217386121,0.1415968648603482,83274637
1981.603962659836,0.0509800910949707,245.4637010097504,384,0,245.4637010097504,0.1382683440286335,95000000,2228.887523651123,0.136908504144332,0.1347915006868922,83274637
2604.047924757004,0.0754404067993164,365.52745389938354,579,0,365.52745389938354,0.1344725805655228,95000000,2972.0603680610657,0.1288130241397642,0.1312224643435839,83274637
3222.4636223316197,0.0962586402893066,485.68073868751526,769,0,485.68073868751526,0.1322113108038651,95000000,3711.234535932541,0.128359445361939,0.1294163383118391,83274637
3824.424017429352,0.11673498153686523,605.3341434001923,962,0,605.3341434001923,0.13114845157350238,95000000,4433.467605829239,0.12852043094653612,0.1285495478190402,83274637
