accumulated_eval_time,accumulated_logging_time,accumulated_submission_time,global_step,preemption_count,score,test/loss,test/num_examples,total_duration,train/loss,validation/loss,validation/num_examples
776.5227453708649,0.0,20.534379959106445,1,0,20.534379959106445,8.726591243421053,95000000,797.0571756362915,8.70518759361603,8.696445777512066,83274637
1406.2139794826508,0.0297803878784179,140.8563096523285,179,0,140.8563096523285,0.1434682892680921,95000000,1547.1063957214355,0.1401826589596721,0.1401281815746799,83274637
2032.375150680542,0.051145315170288,261.0373606681824,356,0,261.0373606681824,0.1508032991467927,95000000,2293.4759407043457,0.1485037684393753,0.1477214348031509,83274637
2658.4392375946045,0.0741055011749267,381.494814157486,534,0,381.494814157486,0.1391353303865131,95000000,3040.026586294174,0.135817708283569,0.1360971674814986,83274637
3263.8973376750946,0.0954136848449707,502.102148771286,720,0,502.102148771286,0.134079125935444,95000000,3766.1198060512543,0.1335885556379579,0.1311468298142731,83274637
3904.14137840271,0.1158361434936523,622.5004892349243,901,0,622.5004892349243,0.13330002890625,95000000,4526.78884100914,0.1310984962766275,0.130470770145167,83274637
4468.800909757614,0.13631057739257812,743.0391006469727,1083,0,743.0391006469727,0.13190631843133224,95000000,5212.013518333435,0.12889398996419502,0.12918075651828195,83274637
