accumulated_eval_time,accumulated_logging_time,accumulated_submission_time,global_step,preemption_count,score,test/loss,test/num_examples,total_duration,train/loss,validation/loss,validation/num_examples
763.8225302696228,0.0,5.242010831832886,1,0,5.242010831832886,18.93973397221937,95000000,769.3958840370178,18.194224369085003,18.332906583478028,83274637
1393.552621126175,0.0301630496978759,125.03279137611388,190,0,125.03279137611388,0.1479340456827264,95000000,1519.534917831421,0.1435782056570803,0.1443106772425334,83274637
2006.32337975502,0.0637238025665283,245.1815869808197,384,0,245.1815869808197,0.1413568055146066,95000000,2253.119096517563,0.137328719648879,0.1380070184105098,83274637
2611.976989030838,0.0854370594024658,364.9296984672546,577,0,364.9296984672546,0.140538869341519,95000000,2979.218837738037,0.1371720822651863,0.1370552738577937,83274637
3212.227777004242,0.1073031425476074,484.8376107215881,772,0,484.8376107215881,0.1378358973150956,95000000,3700.09717464447,0.1325624481998948,0.1343524629312759,83274637
3808.7820060253134,0.1273415088653564,604.83482837677,972,0,604.83482837677,0.1353349053095767,95000000,4417.349882125855,0.1310142673073457,0.1320015168120541,83274637
4407.223331451416,0.1476171016693115,724.9339106082916,1170,0,724.9339106082916,0.1328399689501712,95000000,5136.571358203888,0.1311108575973618,0.1304204144279445,83274637
4997.333877086639,0.16944003105163574,845.041032075882,1364,0,845.041032075882,0.13140993356022082,95000000,5847.5590670108795,0.12774921979017873,0.12889985470561058,83274637
