accumulated_eval_time,accumulated_logging_time,accumulated_submission_time,global_step,preemption_count,score,test/loss,test/num_examples,total_duration,train/loss,validation/loss,validation/num_examples
23.06926465034485,0.0,7.849461078643799,1,0,7.849461078643799,1.935666459868421,95000000,30.91877245903015,1.9464850620653644,1.9358978405093497,83274637
46.56529498100281,0.0183968544006347,1208.244999885559,1582,0,1208.244999885559,0.1286554795538651,95000000,1254.883369922638,0.1247197813207998,0.1262426974576604,83274637
70.08811044692993,0.046952486038208,2408.750687599182,3159,0,2408.750687599182,0.1276617417351973,95000000,2478.9942150115967,0.1253373783620648,0.125159460504463,83274637
94.0920934677124,0.0715675354003906,3609.407999277115,4738,0,3609.407999277115,0.1274199567537006,95000000,3703.7336275577545,0.1211866754687057,0.1249301018605761,83274637
117.62344813346864,0.0963673591613769,4809.756248474121,6317,0,4809.756248474121,0.1270337450349506,95000000,4927.691546916962,0.1212325396965134,0.1246527119637129,83274637
141.50473999977112,0.1266365051269531,6010.551236152649,7888,0,6010.551236152649,0.1265276138157894,95000000,6152.452393531799,0.1230257721442096,0.1241415320673358,83274637
165.39831566810608,0.1524951457977295,7211.183904647827,9459,0,7211.183904647827,0.12611416941817435,95000000,7377.057591676712,0.12224409401229343,0.12377952574225871,83274637
