accumulated_eval_time,accumulated_logging_time,accumulated_submission_time,global_step,preemption_count,score,test/accuracy,test/loss,test/num_examples,total_duration,train/accuracy,train/loss,validation/accuracy,validation/loss,validation/num_examples
195.9195716381073,0.0,189.87275624275208,1,0,189.87275624275208,0.001,242.428675,10000,386.4482126235962,0.0011360012755102,39.77113560267857,0.0011,43.82249,50000
300.2908413410187,0.0386202335357666,758.1369249820709,8,0,758.1369249820709,0.052,16.8440625,10000,1060.50621008873,0.0894252232142857,6.669778629225128,0.0807,6.49455375,50000
407.05379605293274,0.09014725685119629,1320.6763784885406,15,0,1320.6763784885406,0.1612,4.9973109375,10000,1731.0835230350494,0.24330357142857142,4.373255204181282,0.22286,4.3664671875,50000
