accumulated_eval_time,accumulated_logging_time,accumulated_submission_time,global_step,preemption_count,score,test/ctc_loss,test/num_examples,test/wer,total_duration,train/ctc_loss,train/wer,validation/ctc_loss,validation/num_examples,validation/wer
27.586785793304443,0.0,377.6213376522064,1,0,377.6213376522064,5.416176043615717,2472,0.892389251112059,405.7077143192291,5.477251833575557,0.9323718330607338,5.526062857896323,5348,0.8917491430502583
58.161376953125,0.0446577072143554,1860.0046467781067,5,0,1860.0046467781067,0.99770519468998,2472,0.3083907135457924,1919.667263507843,1.1195649694122418,0.3427226741478104,1.3172240744926662,5348,0.3665813740163182
88.40383386611938,0.1474764347076416,3342.2093102931976,9,0,3342.2093102931976,0.6696894255274534,2472,0.2214368411431357,3433.2661809921265,0.7592737625477406,0.2500189556005676,0.9771113136050834,5348,0.2869309129532177
118.5995626449585,0.2419536113739013,4823.276930093765,13,0,4823.276930093765,0.5930563060520033,2472,0.1967176487315418,4945.72226524353,0.655443533055058,0.218352270880948,0.8741540186420033,5348,0.2573166610341331
148.80911588668823,0.3388042449951172,6306.291939258575,17,0,6306.291939258575,0.5617553955093877,2472,0.18562752625271667,6460.06574010849,0.617173294014263,0.20618277531655854,0.8431898059197308,5348,0.24607734273161783
