accumulated_eval_time,accumulated_logging_time,accumulated_submission_time,global_step,preemption_count,score,test/ctc_loss,test/num_examples,test/wer,total_duration,train/ctc_loss,train/wer,validation/ctc_loss,validation/num_examples,validation/wer
27.816744804382324,0.0,387.90634274482727,1,0,387.90634274482727,6.12565609071553,2472,0.899579550301627,416.22477412223816,6.0282257927601535,0.9414120608765304,6.147980318841672,5348,0.8967218654950997
58.46922159194946,0.0496959686279296,1912.4362618923187,5,0,1912.4362618923187,1.396142089812246,2472,0.3891698657404586,1972.478635787964,1.526189352447633,0.4244301679935047,1.7286829964712678,5348,0.4360063728093468
89.6415786743164,0.1454977989196777,3440.361616373062,9,0,3440.361616373062,0.4974059818375379,2472,0.1630410497024353,3532.7233407497406,0.5517005634802332,0.1834033533312627,0.7441185508024413,5348,0.2232510983440351
121.12461352348328,0.24204730987548828,4967.202992200851,13,0,4967.202992200851,0.37473314810632946,2472,0.1225600714967603,5092.119479894638,0.39999772396599087,0.13496150262370654,0.5973581011716396,5348,0.17637232655820018
