accumulated_eval_time,accumulated_logging_time,accumulated_submission_time,global_step,preemption_count,score,test/loss,test/num_examples,total_duration,train/loss,validation/loss,validation/num_examples
745.8042607307434,0.0,5.958286285400391,1,0,5.958286285400391,33.93923755844983,95000000.0,752.101158618927,33.49076887336088,32.64974918298944,83274637.0
1379.4729108810425,0.0256545543670654,125.94030046463013,194,0,125.94030046463013,0.1426254561852706,95000000.0,1506.4786026477814,0.1402625747352249,0.1393150513352914,83274637.0
1991.3051586151123,0.0569853782653808,245.72121334075928,388,0,245.72121334075928,0.140070126181753,95000000.0,2238.813421010971,0.1397311334797246,0.1369710388054124,83274637.0
2602.665946483612,0.0787181854248046,365.3035280704498,586,0,365.3035280704498,0.1368138620332818,95000000.0,2970.5185022354126,0.1364788773118571,0.1345327659681389,83274637.0
3230.316858530045,0.1056010723114013,485.29374074935913,784,0,485.29374074935913,0.1346772750197561,95000000.0,3718.865872144699,0.1306794498766403,0.1328171692297332,83274637.0
3827.7160725593567,0.1284663677215576,605.0557789802551,986,0,605.0557789802551,0.132254421333072,95000000.0,4436.8047041893005,0.1275890401333494,0.1297211017862599,83274637.0
4425.878684997559,0.1506779193878173,724.9215784072876,1186,0,724.9215784072876,0.13159788275022,95000000.0,5155.59442615509,0.1295468146161905,0.1294502768598781,83274637.0
,,,1186,0,724.9215784072876,,,,,,
