accumulated_eval_time,accumulated_logging_time,accumulated_submission_time,global_step,preemption_count,score,test/loss,test/num_examples,total_duration,train/loss,validation/loss,validation/num_examples
716.6516432762146,0.0,34.15994620323181,1,0,34.15994620323181,6.372030781126645,95000000.0,751.1867763996124,6.201383910813764,6.132117887257065,83274637.0
1341.224952697754,0.021141767501831,174.87705206871033,6,0,174.87705206871033,0.1438644573346188,95000000.0,1517.133023262024,0.1428377061305699,0.1406550805874056,83274637.0
1959.3214008808136,0.0466797351837158,314.7904541492462,11,0,314.7904541492462,0.1419417236156664,95000000.0,2275.848309993744,0.1409259195111182,0.1388322335183016,83274637.0
2581.4066371917725,0.0721173286437988,450.96954870224,16,0,450.96954870224,0.1391300618288542,95000000.0,3034.856011867523,0.136691520759642,0.1363140114830006,83274637.0
3206.4570891857147,0.0939602851867675,592.9237194061279,21,0,592.9237194061279,0.1349195062585128,95000000.0,3802.579308748245,0.1328829010154633,0.1318817676355741,83274637.0
3814.86399769783,0.1150550842285156,734.1944944858551,26,0,734.1944944858551,0.1335365931412546,95000000.0,4552.917936563492,0.1280404660497509,0.1308648701158639,83274637.0
4446.688323497772,0.1365852355957031,874.6940915584564,31,0,874.6940915584564,0.1313783799162212,95000000.0,5325.881456375122,0.1291758844321298,0.1288031052616466,83274637.0
,,,31,0,874.6940915584564,,,,,,
