accumulated_eval_time,accumulated_logging_time,accumulated_submission_time,global_step,preemption_count,score,test/accuracy,test/loss,test/num_examples,total_duration,train/accuracy,train/loss,validation/accuracy,validation/loss,validation/num_examples
197.0505049228668,0.0,187.2865278720856,1,0,187.2865278720856,0.0175,6.29662265625,10000,385.0122141838074,0.0259088010204081,6.057714968311544,0.02528,6.10164125,50000
305.45023226737976,0.0380184650421142,751.1666743755341,8,0,751.1666743755341,0.1967,4.217421484375,10000,1058.6465463638306,0.2754504145408163,3.518687968351403,0.25602,3.6468415625,50000
414.27828788757324,0.08791661262512207,1308.2450730800629,15,0,1308.2450730800629,0.117,5.42353359375,10000,1725.8638982772827,0.1776546556122449,4.606055746273118,0.1665,4.713178125,50000
