accumulated_eval_time,accumulated_logging_time,accumulated_submission_time,global_step,preemption_count,score,test/accuracy,test/loss,test/num_examples,total_duration,train/accuracy,train/loss,validation/accuracy,validation/loss,validation/num_examples
272.0572407245636,0.0,191.73205852508545,1,0,191.73205852508545,0.0014,10.4161125,10000,464.5235416889191,0.0011758609693877,7.706557293327487,0.00094,7.840959375,50000
385.9066355228424,0.04066920280456543,755.7912378311157,8,0,755.7912378311157,0.0994,5.158516796875,10000,1143.8536388874054,0.1476203762755102,4.498993231325733,0.13568,4.603166875,50000
