accumulated_eval_time,accumulated_logging_time,accumulated_submission_time,global_step,preemption_count,score,test/accuracy,test/loss,test/num_examples,total_duration,train/accuracy,train/loss,validation/accuracy,validation/loss,validation/num_examples
187.1965639591217,0.0,186.4497184753418,1,0,186.4497184753418,0.006,6.8566921875,10000,374.33731174468994,0.0077128507653061,6.8283990353954085,0.00768,6.83722375,50000
286.0155429840088,0.0328154563903808,748.6069586277008,8,0,748.6069586277008,0.0821,5.221693359375,10000,1036.698056936264,0.1325334821428571,4.588415029097576,0.11936,4.6943225,50000
383.29181480407715,0.07242965698242188,1307.8813254833221,15,0,1307.8813254833221,0.1636,4.575634765625,10000,1694.5486295223236,0.2499202806122449,3.700151404555963,0.22642,3.903103125,50000
