accumulated_eval_time,accumulated_logging_time,accumulated_submission_time,global_step,preemption_count,score,test/loss,test/num_examples,total_duration,train/loss,validation/loss,validation/num_examples
817.4080069065094,0.0,5.915949583053589,1,0,5.915949583053589,18.682157401757813,95000000,823.6563074588776,18.338447297320645,18.080559084010503,83274637
1538.9146740436554,0.0271270275115966,126.1073739528656,176,0,126.1073739528656,0.147633786964818,95000000,1666.0161473751068,0.1422664229476836,0.1437999044455518,83274637
2219.6800746917725,0.0622851848602294,245.68920803070068,356,0,245.68920803070068,0.140897909134674,95000000,2467.1014268398285,0.1364289389550539,0.1374115788029644,83274637
2932.280628919601,0.0837700366973877,365.89657402038574,535,0,365.89657402038574,0.1403347351540415,95000000,3300.6004016399384,0.1392810377297831,0.1368514093500231,83274637
3615.650640487671,0.1062338352203369,485.7827067375183,716,0,485.7827067375183,0.1408855945219341,95000000,4104.628581047058,0.1374712937613925,0.1371947778837943,83274637
4292.806299686432,0.128415822982788,605.3786985874176,891,0,605.3786985874176,0.1351851156456395,95000000,4902.1040897369385,0.1342756856644583,0.1321756687978663,83274637
4979.643753528595,0.1497793197631836,725.0694758892059,1073,0,725.0694758892059,0.132536663841127,95000000,5709.328508615494,0.1291603240350852,0.1299032193694895,83274637
5641.439513206482,0.17157530784606934,844.7837715148926,1255,0,844.7837715148926,0.13142342167129517,95000000,6491.570992708206,0.12952972379872751,0.1288742357158209,83274637
