accumulated_eval_time,accumulated_logging_time,accumulated_submission_time,global_step,preemption_count,score,test/ctc_loss,test/num_examples,test/wer,total_duration,train/ctc_loss,train/wer,validation/ctc_loss,validation/num_examples,validation/wer
28.299417972564697,0.0,379.6855163574219,1,0,379.6855163574219,6.783291663978321,2472,0.8533503950602238,408.4080815315247,6.917827789249862,0.8856019217046959,6.75138684825196,5348,0.8559841645343504
57.78916621208191,0.0493507385253906,1868.575786590576,5,0,1868.575786590576,1.0004560778114715,2472,0.3105031178274734,1927.7089929580688,1.141758329755406,0.3490061932489773,1.3366776233172597,5348,0.3729928064500555
87.95312190055847,0.1540026664733886,3357.2376992702484,9,0,3357.2376992702484,0.6657717332569844,2472,0.2203197042634005,3447.5429179668427,0.7551066392699666,0.2484271762161808,0.9634274694846292,5348,0.284816298942693
117.47850584983826,0.2703773975372314,4844.540500640869,13,0,4844.540500640869,0.6056687629040584,2472,0.2003331099059573,4965.453642845154,0.6782340202953664,0.2270912428439922,0.8802164762595439,5348,0.2612272485878434
147.79182267189026,0.38200807571411133,6333.570086240768,17,0,6333.570086240768,0.5520149485450674,2472,0.18276359352466842,6485.838181018829,0.6338701182590146,0.2097697549390752,0.8478431448726642,5348,0.25115627866557233
