accumulated_eval_time,accumulated_logging_time,accumulated_submission_time,global_step,preemption_count,score,test/loss,test/num_examples,total_duration,train/loss,validation/loss,validation/num_examples
820.6795709133148,0.0,5.73050594329834,1,0,5.73050594329834,0.3597180931316175,95000000,826.7778875827789,0.3399306116099816,0.3550087267616101,83274637
1583.056361913681,0.0315403938293457,126.24439644813538,174,0,126.24439644813538,0.1420422912659494,95000000,1710.39976477623,0.1397410952162709,0.1386929167186879,83274637
2311.631261587143,0.0531287193298339,246.0540120601654,339,0,246.0540120601654,0.1361460370544433,95000000,2559.443279504776,0.1339718701495907,0.1331949458282701,83274637
3032.329617500305,0.0777668952941894,366.3730299472809,507,0,366.3730299472809,0.1327866693986591,95000000,3401.2393085956573,0.1303483674136147,0.1299936010222007,83274637
3759.305065870285,0.09933710098266602,486.0693962574005,679,0,486.0693962574005,0.1318304987164949,95000000,4248.646862030029,0.12879193279549211,0.12908475296455843,83274637
