accumulated_eval_time,accumulated_logging_time,accumulated_submission_time,global_step,preemption_count,score,test/accuracy,test/loss,test/num_examples,total_duration,train/accuracy,train/loss,validation/accuracy,validation/loss,validation/num_examples
187.03883481025696,0.0,186.1701855659485,1,0,186.1701855659485,0.0077,6.747846875,10000,373.8617160320282,0.0110809948979591,6.710050621811225,0.0103,6.72147375,50000
286.7996551990509,0.0352687835693359,749.3789827823639,8,0,749.3789827823639,0.0895,5.12604375,10000,1038.1419188976288,0.145328443877551,4.545236081493144,0.1313,4.6387734375,50000
388.2437584400177,0.0829017162322998,1311.028633594513,15,0,1311.028633594513,0.1962,4.164052734375,10000,1702.5091121196747,0.2969347895408163,3.4594119324976083,0.27322,3.6032959375,50000
