accumulated_eval_time,accumulated_logging_time,accumulated_submission_time,global_step,preemption_count,score,test/accuracy,test/loss,test/num_examples,total_duration,train/accuracy,train/loss,validation/accuracy,validation/loss,validation/num_examples
35.11644625663757,0,110.25322127342224,1,0,110.25322127342224,0.0010000000474974513,397.94281005859375,10000,145.36977100372314,0.0008569834171794355,398.8301086425781,0.0010599999222904444,403.717041015625,50000
