accumulated_eval_time,accumulated_logging_time,accumulated_submission_time,global_step,preemption_count,score,test/accuracy,test/loss,test/num_examples,total_duration,train/accuracy,train/loss,validation/accuracy,validation/loss,validation/num_examples
34.215431213378906,0,105.89912700653076,1,0,105.89912700653076,0.0012000000569969416,6.911861419677734,10000,140.114670753479,0.0012555803405120969,6.91154146194458,0.0010999999940395355,6.911862373352051,50000
