accumulated_eval_time,accumulated_logging_time,accumulated_submission_time,global_step,preemption_count,score,test/loss,test/num_examples,total_duration,train/loss,validation/loss,validation/num_examples
246.65933179855347,0.0,7.178622245788574,1,0,7.178622245788574,0.1597229402240954,95000000,253.8380062580109,0.1577144883947927,0.1570012558312397,83274637
389.9725227355957,0.0175600051879882,127.69575715065002,116,0,127.69575715065002,0.1477181053659539,95000000,517.6905179023743,0.1444927108409644,0.1439238914533635,83274637
530.3880906105042,0.0409667491912841,248.2347359657288,219,0,248.2347359657288,0.1413154604851973,95000000,778.6727149486542,0.1366808569211067,0.1380226937609241,83274637
678.3063471317291,0.0642323493957519,368.5460023880005,322,0,368.5460023880005,0.139415420466694,95000000,1046.9297196865082,0.133667874366701,0.1356940365025247,83274637
817.663250207901,0.0897343158721923,489.5917053222656,430,0,489.5917053222656,0.1368349755550987,95000000,1307.3622369766235,0.1356753302304624,0.133490913743228,83274637
964.9739797115326,0.1171824932098388,609.9923405647278,537,0,609.9923405647278,0.1342953533305921,95000000,1575.1053805351255,0.1303020192649941,0.1313616307590449,83274637
1110.6740012168884,0.1383275985717773,730.1549937725067,639,0,730.1549937725067,0.1337162692228618,95000000,1840.993277311325,0.1309907124875663,0.1307454440665165,83274637
1256.190667629242,0.1620292663574218,850.4684600830078,741,0,850.4684600830078,0.1322201056537829,95000000,2106.851359605789,0.1283313765325261,0.129395938168706,83274637
1401.518542766571,0.19270896911621094,971.8520772457123,847,0,971.8520772457123,0.1316749929584704,95000000,2373.597795009613,0.12967375255886865,0.12903062703735316,83274637
