accumulated_eval_time,accumulated_logging_time,accumulated_submission_time,global_step,preemption_count,score,test/loss,test/num_examples,total_duration,train/loss,validation/loss,validation/num_examples
817.1175711154938,0.0,22.53830885887146,1,0,22.53830885887146,0.4913159939967105,95000000,839.6559212207794,0.4971447123109169,0.4894566502283282,83274637
1459.2678468227386,0.0288159847259521,142.95067238807678,175,0,142.95067238807678,0.1417163472964638,95000000,1602.253142118454,0.1404107895053032,0.1382917000183456,83274637
2096.0860867500305,0.0518934726715087,263.1472051143646,347,0,263.1472051143646,0.1365178831620065,95000000,2359.2963540554047,0.1333675853345754,0.1331375112439322,83274637
2707.79767370224,0.074794054031372,383.27443981170654,522,0,383.27443981170654,0.1331815389597039,95000000,3091.1635122299194,0.1299352898795462,0.1305690759870859,83274637
3320.8469426631927,0.096435546875,503.6728231906891,690,0,503.6728231906891,0.1321371562191612,95000000,3824.638088941574,0.1274656569292335,0.1297046824724994,83274637
3945.0923788547516,0.11780476570129395,624.3205740451813,865,0,624.3205740451813,0.13117107925575658,95000000,4569.55827498436,0.12671926881204237,0.1285424441007414,83274637
