accumulated_eval_time,accumulated_logging_time,accumulated_submission_time,global_step,preemption_count,score,test/ctc_loss,test/num_examples,test/wer,total_duration,train/ctc_loss,train/wer,validation/ctc_loss,validation/num_examples,validation/wer
46.5057008266449,0.0,418.2000951766968,1,0,418.2000951766968,6.623409978063101,2472,0.899579550301627,465.1164176464081,6.4885056937217005,0.9418647403594524,6.524809435905164,5348,0.8967218654950997
74.70399141311646,0.03921914100646973,1858.7023384571075,6,0,1858.7023384571075,5.634000983934447,2472,0.8970812260069465,1935.0257437229156,5.836016168818004,0.9387016891234293,5.830320254420333,5348,0.8946651861150002
