accumulated_eval_time,accumulated_logging_time,accumulated_submission_time,global_step,preemption_count,score,test/ctc_loss,test/num_examples,test/wer,total_duration,train/ctc_loss,train/wer,validation/ctc_loss,validation/num_examples,validation/wer
28.887003898620605,0.0,381.1524012088776,1,0,381.1524012088776,7.393210852313053,2472,0.8846302276928076,410.5651843547821,7.479478278321864,0.9206294958174658,7.293632741862567,5348,0.8831748177473084
59.30352830886841,0.0543780326843261,1876.9959151744845,5,0,1876.9959151744845,0.9320653751854958,2472,0.2936648183129202,1937.904759645462,1.0362052418792458,0.3236934327159891,1.2542426607707955,5348,0.3562593540288707
92.00594234466553,0.18144631385803223,3376.0496532917023,9,0,3376.0496532917023,0.5242977873572489,2472,0.16811894461032234,3470.805573940277,0.5719566731526113,0.18468791025182002,0.7818546367980209,5348,0.22683338965866848
