accumulated_eval_time,accumulated_logging_time,accumulated_submission_time,global_step,preemption_count,score,test/loss,test/num_examples,total_duration,train/loss,validation/loss,validation/num_examples
734.4674382209778,0.0,33.10042858123779,1,0,33.10042858123779,7.855883493947882,95000000,767.9005858898163,7.577375181835748,7.596766693933894,83274637
1341.274385213852,0.0281486511230468,164.3668143749237,6,0,164.3668143749237,0.1457104123741551,95000000,1506.5847856998444,0.1438859234345604,0.1425269246014565,83274637
2069.5521273612976,0.0602419376373291,290.68626046180725,10,0,290.68626046180725,0.1426959154842176,95000000,2361.751163959503,0.1392071306417448,0.139719429129097,83274637
2792.033159255981,0.0968248844146728,449.1146638393402,14,0,449.1146638393402,0.1401313158380207,95000000,3243.278730869293,0.1386004944608427,0.1370416007931896,83274637
3523.027781009674,0.1300013065338134,609.8508956432343,18,0,609.8508956432343,0.1386181390195344,95000000,4135.6247317790985,0.1350118342797837,0.135617527903731,83274637
4250.089829444885,0.1622929573059082,730.9451222419739,21,0,730.9451222419739,0.1378959171479877,95000000,4984.366516828537,0.1355072062267619,0.1346076988174872,83274637
4974.831513166428,0.2098674774169922,854.5355920791626,24,0,854.5355920791626,0.1355605644950465,95000000,5833.26221036911,0.1331675278416631,0.1324214573666711,83274637
5698.421052455902,0.2410564422607422,1004.6406865119934,28,0,1004.6406865119934,0.1326717778889706,95000000,6707.5575342178345,0.1286109987561234,0.1300698054957408,83274637
6410.606165647507,0.27537083625793457,1160.3415734767914,32,0,1160.3415734767914,0.13174578421253405,95000000,7576.064027547836,0.1279798812868146,0.12916608577408864,83274637
