accumulated_eval_time,accumulated_logging_time,accumulated_submission_time,global_step,preemption_count,score,test/accuracy,test/loss,test/num_examples,total_duration,train/accuracy,train/loss,validation/accuracy,validation/loss,validation/num_examples
195.67256212234497,0.0,187.7342884540558,1,0,187.7342884540558,0.0051,6.8588796875,10000,384.1315047740936,0.0080317283163265,6.831664416254784,0.008,6.841029375,50000
301.13192415237427,0.0371389389038085,752.7134101390839,8,0,752.7134101390839,0.0765,5.249187890625,10000,1056.0008516311646,0.1310586734693877,4.607327831034758,0.11736,4.7177984375,50000
408.96607875823975,0.09147477149963379,1311.4954385757446,15,0,1311.4954385757446,0.1591,4.6090546875,10000,1724.0074679851532,0.24428013392857142,3.742472745934311,0.2218,3.95169625,50000
