accumulated_eval_time,accumulated_logging_time,accumulated_submission_time,global_step,preemption_count,score,test/loss,test/num_examples,total_duration,train/loss,validation/loss,validation/num_examples
761.6375515460968,0.0,21.622923374176025,1,0,21.622923374176025,1.935666459868421,95000000,783.2605140209198,1.946091157835235,1.9358978405093497,83274637
1384.1678779125214,0.0279810428619384,1221.5566320419312,1638,0,1221.5566320419312,0.128620388384046,95000000,2605.808637857437,0.1249503762279666,0.1262001635455192,83274637
1919.467940568924,0.0529839992523193,2421.888967514038,3261,0,2421.888967514038,0.1277846901932565,95000000,4341.521563768387,0.1237876773724016,0.1253523465524082,83274637
2444.2636110782623,0.0769731998443603,3622.394682884216,4879,0,3622.394682884216,0.127319087160773,95000000,6066.900990247726,0.1242480621022998,0.124869261241496,83274637
2940.9639053344727,0.1036770343780517,4822.692278623581,6506,0,4822.692278623581,0.1265331658819901,95000000,7763.979271411896,0.1210776446562893,0.1242386013605499,83274637
3383.147877931595,0.1265676021575927,6023.25746846199,8116,0,6023.25746846199,0.1263577070415296,95000000,9406.804794311523,0.1232858716316942,0.1239585944641373,83274637
3691.8968658447266,0.15021014213562012,7223.877921819687,9727,0,7223.877921819687,0.12610321217105264,95000000,10916.251495838165,0.12095584715687253,0.12376638891112789,83274637
