accumulated_eval_time,accumulated_logging_time,accumulated_submission_time,global_step,preemption_count,score,test/ctc_loss,test/num_examples,test/wer,total_duration,train/ctc_loss,train/wer,validation/ctc_loss,validation/num_examples,validation/wer
27.38422107696533,0.0,378.9588580131531,1,0,378.9588580131531,6.047720014194464,2472,0.899579550301627,406.8731498718262,5.986014878440554,0.9414404601106704,6.065107698538276,5348,0.8967218654950997
54.0473268032074,0.050830602645874,1866.614937543869,5,0,1866.614937543869,5.067626540421963,2472,0.8977311965551561,1922.2111608982088,5.099816912145054,0.9384340551609952,5.251299336322082,5348,0.895302467049679
84.04132890701294,0.1500301361083984,3353.193093061447,9,0,3353.193093061447,0.9923160365184852,2472,0.3039018544472203,3439.8962614536285,1.101918551427949,0.3343263910069278,1.2819430316958007,5348,0.3576980640177666
114.25690937042236,0.2515299320220947,4839.325548887253,13,0,4839.325548887253,0.5323637311278147,2472,0.1777872565149391,4957.426920890808,0.5740620469596526,0.1952474837697703,0.7971380263273559,5348,0.2405928643846859
145.0030906200409,0.3472592830657959,6326.389802694321,17,0,6326.389802694321,0.4315212876637202,2472,0.14764487234172202,6476.296954154968,0.4500214077516267,0.15812491830421332,0.6810912227496484,5348,0.20652730169458794
