accumulated_eval_time,accumulated_logging_time,accumulated_submission_time,global_step,preemption_count,score,test/loss,test/num_examples,total_duration,train/loss,validation/loss,validation/num_examples
754.692946434021,0.0,5.296168088912964,1,0,5.296168088912964,0.4386802551394814,95000000,760.2790243625641,0.4187385779328185,0.4215743909440173,83274637
1426.6127586364746,0.0291101932525634,125.64618849754332,186,0,125.64618849754332,6.94818850990183,95000000,1553.3437390327454,6.834628234768204,6.744195281101845,83274637
2079.504604101181,0.0524885654449462,245.3932464122772,373,0,245.3932464122772,0.1388977389613904,95000000,2326.73277592659,0.1352754301419391,0.1354082955976329,83274637
2722.935065984726,0.0734310150146484,365.5887427330017,561,0,365.5887427330017,0.1335309737454063,95000000,3091.085794210434,0.1283344669498762,0.1307445595535814,83274637
3357.7715990543365,0.09865760803222656,485.2676315307617,750,0,485.2676315307617,0.13162568312112907,95000000,3846.324367046356,0.1292849251629058,0.12864133624968746,83274637
