accumulated_eval_time,accumulated_logging_time,accumulated_submission_time,global_step,preemption_count,score,test/loss,test/num_examples,total_duration,train/loss,validation/loss,validation/num_examples
779.2065372467041,0.0,19.40658664703369,1,0,19.40658664703369,0.188719048046875,95000000,798.6131918430328,0.1840496591567618,0.1899602946107708,83274637
1409.0042977333069,0.0279047489166259,139.48667550086975,180,0,139.48667550086975,0.1603468052837171,95000000,1548.5255637168884,0.1575679620435028,0.1567537466138249,83274637
2036.9568967819207,0.0490784645080566,259.5059471130371,358,0,259.5059471130371,0.136735483305921,95000000,2296.5246357917786,0.1323220770595208,0.133654669441005,83274637
2651.323930978775,0.070369005203247,379.6051218509674,536,0,379.6051218509674,0.1340634687294407,95000000,3031.018389701844,0.1300063762204639,0.1318032966400738,83274637
3258.267415046692,0.0977349281311035,499.7736446857453,714,0,499.7736446857453,0.1323513011101973,95000000,3758.163811683655,0.1312614948775783,0.1297387417787824,83274637
3893.8103325366974,0.11947751045227051,620.2186059951782,892,0,620.2186059951782,0.1312638040707237,95000000,4514.179394721985,0.12612628108534799,0.1285591277015451,83274637
