accumulated_eval_time,accumulated_logging_time,accumulated_submission_time,global_step,preemption_count,score,test/accuracy,test/loss,test/num_examples,total_duration,train/accuracy,train/loss,validation/accuracy,validation/loss,validation/num_examples
194.58030033111567,0.0,184.27007627487183,1,0,184.27007627487183,0.0084,6.75712421875,10000,379.49822068214417,0.0111009247448979,6.718789859693878,0.00922,6.7282475,50000
298.7088735103607,0.031054973602294922,738.9766886234283,8,0,738.9766886234283,0.0954,5.0461953125,10000,1039.699357509613,0.15202487244897958,4.503814385861767,0.13912,4.6023653125,50000
