accumulated_eval_time,accumulated_logging_time,accumulated_submission_time,global_step,preemption_count,score,test/loss,test/num_examples,total_duration,train/loss,validation/loss,validation/num_examples
794.8631193637848,0.0,20.45766925811768,1,0,20.45766925811768,1.956162394736842,95000000,815.320835351944,1.935148721970852,1.9801647112703715,83274637
1449.8152861595154,0.0275971889495849,140.98550605773926,173,0,140.98550605773926,0.1473895615234375,95000000,1590.834788799286,0.1448770764535703,0.1437302964021213,83274637
2080.438711166382,0.0481593608856201,261.2907655239105,347,0,261.2907655239105,0.1373757272203947,95000000,2341.79101729393,0.1349509303932482,0.1348634808999996,83274637
2704.7789680957794,0.070502758026123,381.6557695865631,520,0,381.6557695865631,0.1331392983244243,95000000,3086.524894475937,0.1277987446471955,0.1303239006088372,83274637
3321.7023229599,0.09140634536743164,502.2180619239807,695,0,502.2180619239807,0.13169923348067433,95000000,3824.0378749370575,0.12783681525140064,0.12912443715408736,83274637
