accumulated_eval_time,accumulated_logging_time,accumulated_submission_time,global_step,preemption_count,score,test/ctc_loss,test/num_examples,test/wer,total_duration,train/ctc_loss,train/wer,validation/ctc_loss,validation/num_examples,validation/wer
27.579663038253784,0.0,387.90661358833313,1,0,387.90661358833313,6.104512387895993,2472,0.899579550301627,415.9957597255707,6.009593861960136,0.9416426043724626,6.125082017907374,5348,0.8967218654950997
57.69805645942688,0.0487449169158935,1909.4070570468905,5,0,1909.4070570468905,1.4900483498935415,2472,0.4211606036601466,1968.7938704490664,1.6034361391234857,0.4569158290093572,1.8128461234177216,5348,0.4621542026746488
88.26201295852661,0.1418349742889404,3432.4408659935,9,0,3432.4408659935,0.6320339719498033,2472,0.2123575650478337,3523.542717695236,0.7118552450678279,0.2362302164520961,0.9228829569143058,5348,0.2736156037271279
118.6360981464386,0.23322534561157227,4953.920040845871,13,0,4953.920040845871,0.5236128641363959,2472,0.17484207746836472,5076.536857843399,0.5711504549518127,0.19314604546145328,0.7804309001092525,5348,0.23348621638584463
