accumulated_eval_time,accumulated_logging_time,accumulated_submission_time,global_step,preemption_count,score,test/accuracy,test/loss,test/num_examples,total_duration,train/accuracy,train/loss,validation/accuracy,validation/loss,validation/num_examples
188.6550924777985,0.0,187.62683367729187,1,0,187.62683367729187,0.0011,12.97405859375,10000,376.9649224281311,0.0010164221938775,12.005315041055484,0.00108,10.9820275,50000
290.1848909854889,0.035353660583496,753.6122360229492,8,0,753.6122360229492,0.0522,5.88998125,10000,1045.891746044159,0.0733019770408163,5.371566461057079,0.06882,5.434120625,50000
394.88833689689636,0.07982325553894043,1315.2517292499542,15,0,1315.2517292499542,0.2541,4.12277421875,10000,1713.4950728416443,0.3685825892857143,3.368299523178412,0.34086,3.55102875,50000
