accumulated_eval_time,accumulated_logging_time,accumulated_submission_time,global_step,preemption_count,score,test/loss,test/num_examples,total_duration,train/loss,validation/loss,validation/num_examples
810.7643671035767,0.0,21.545298099517822,1,0,21.545298099517822,0.446886136430921,95000000,832.30970454216,0.4321463248171147,0.4336060380301477,83274637
1445.751972436905,0.0308330059051513,142.12943816184998,173,0,142.12943816184998,0.1474496104132401,95000000,1587.917689561844,0.1457111652495351,0.1440260662645548,83274637
2079.142691612244,0.0533111095428466,262.3076286315918,354,0,262.3076286315918,0.1341865199424342,95000000,2341.5147445201874,0.1296717040357912,0.131420220419602,83274637
2701.8509969711304,0.0746111869812011,382.5315279960632,526,0,382.5315279960632,0.1324224491262335,95000000,3084.473746299744,0.1295027685638681,0.1297475670574204,83274637
3322.391983270645,0.1024887561798095,503.10733914375305,698,0,503.10733914375305,0.1328446527652138,95000000,3825.623810052872,0.1281007351529485,0.1302415900977786,83274637
3944.9852378368378,0.1239004135131836,623.231929063797,873,0,623.231929063797,0.131730066015625,95000000,4568.36847114563,0.1283054168470813,0.12909241919188733,83274637
