accumulated_eval_time,accumulated_logging_time,accumulated_submission_time,global_step,preemption_count,score,test/ctc_loss,test/num_examples,test/wer,total_duration,train/ctc_loss,train/wer,validation/ctc_loss,validation/num_examples,validation/wer
32.99367475509644,0.0,7.917269706726074,1,0,7.917269706726074,30.02796954642235,2472,1.3894948510145635,41.32133293151856,31.34154241645244,1.4369490036778834,29.90159420835845,5348,1.3463042533674503
59.130738258361816,0.035736083984375,1448.287066936493,1005,0,1448.287066936493,5.824628201819472,2472,0.899579550301627,1509.1040968894958,5.846324764353042,0.9409782071691276,5.868851403958208,5348,0.8967218654950997
86.89582538604736,0.07705903053283691,2888.3031072616577,2010,0,2888.3031072616577,5.659449399961288,2472,0.899579550301627,2978.350660800934,5.668526992287918,0.9409782071691277,5.720756103074141,5348,0.8967218654950997
