accumulated_eval_time,accumulated_logging_time,accumulated_submission_time,global_step,preemption_count,score,test/loss,test/num_examples,total_duration,train/loss,validation/loss,validation/num_examples
783.6484911441803,0.0,22.420722484588623,1,0,22.420722484588623,1.9842808439144737,95000000,806.069254398346,1.96673366221242,1.9918125884287847,83274637
1413.2963242530825,0.0298154354095459,142.66928791999817,177,0,142.66928791999817,0.1407490456825658,95000000,1556.0016136169434,0.1391439255819005,0.1374983478976599,83274637
2028.852105855941,0.0518727302551269,262.7847533226013,353,0,262.7847533226013,0.1374372228207236,95000000,2291.700542449951,0.1345732231161691,0.1345519666295385,83274637
2646.4688012599945,0.0726490020751953,383.0973596572876,532,0,383.0973596572876,0.1326061567845394,95000000,3029.6561579704285,0.1305345554584227,0.1298460004364365,83274637
3263.1301789283752,0.09644603729248047,503.30138182640076,707,0,503.30138182640076,0.13175513174342104,95000000,3766.550866127014,0.12787722429530052,0.1290482023834505,83274637
