accumulated_eval_time,accumulated_logging_time,accumulated_submission_time,global_step,preemption_count,score,test/accuracy,test/loss,test/num_examples,total_duration,train/accuracy,train/loss,validation/accuracy,validation/loss,validation/num_examples
198.0146722793579,0.0,187.59130716323853,1,0,187.59130716323853,0.0012,16.0655578125,10000,386.2757725715637,0.0011360012755102,14.2476806640625,0.00118,13.79169,50000
301.3377015590668,0.0366301536560058,750.7510666847229,8,0,750.7510666847229,0.0658,5.49873046875,10000,1054.0911371707916,0.0895846619897959,5.133437487543846,0.08264,5.189119375,50000
412.7192430496216,0.09146666526794434,1308.116453409195,15,0,1308.116453409195,0.2681,3.67425,10000,1724.1107671260834,0.3804209183673469,2.859437592175542,0.35018,3.025783125,50000
