accumulated_eval_time,accumulated_logging_time,accumulated_submission_time,global_step,preemption_count,score,test/accuracy,test/loss,test/num_examples,total_duration,train/accuracy,train/loss,validation/accuracy,validation/loss,validation/num_examples
191.8203125,0.0,184.10823273658752,1,0,184.10823273658752,0.0011,11.571753125,10000,376.5287539958954,0.0011160714285714,15.318011848294006,0.00106,18.061625,50000
295.4243700504303,0.032732486724853516,739.9805481433868,8,0,739.9805481433868,0.0549,6.08708515625,10000,1037.4322896003723,0.08476163903061225,5.742058578802615,0.08116,5.8603425,50000
