accumulated_eval_time,accumulated_logging_time,accumulated_submission_time,global_step,preemption_count,score,test/loss,test/num_examples,total_duration,train/loss,validation/loss,validation/num_examples
805.8344514369965,0.0,20.84589958190918,1,0,20.84589958190918,0.16184886171875,95000000,826.6803958415985,0.1567399793029206,0.1569469857034058,83274637
1470.6927704811096,0.0283942222595214,141.460143327713,179,0,141.460143327713,1.015632616118421,95000000,1612.1876497268677,0.981208991798215,0.9797085192769288,83274637
2105.484647989273,0.0490999221801757,261.4409132003784,356,0,261.4409132003784,0.1406375548519736,95000000,2366.986880302429,0.1373487084447962,0.1380287266332608,83274637
2740.2818734645844,0.0700407028198242,382.002747297287,530,0,382.002747297287,0.1355588576274671,95000000,3122.372888803482,0.1316969052144566,0.1327897071253895,83274637
3342.826838493347,0.0909245014190673,502.7110435962677,709,0,502.7110435962677,0.1366426306846217,95000000,3845.653099536896,0.136452687423934,0.1343225633174705,83274637
4004.840920686722,0.1124002933502197,623.0136983394623,885,0,623.0136983394623,0.1344019838507401,95000000,4627.997395277023,0.1299134977161884,0.1317119300804112,83274637
4583.195410490036,0.13615059852600098,743.0961892604828,1065,0,743.0961892604828,0.13123566528577302,95000000,5326.46902513504,0.12594794560481543,0.12878834218529828,83274637
