accumulated_eval_time,accumulated_logging_time,accumulated_submission_time,global_step,preemption_count,score,test/loss,test/num_examples,total_duration,train/loss,validation/loss,validation/num_examples
742.9294128417969,0.0,32.75578713417053,1,0,32.75578713417053,5.055455108312346,95000000,776.0280675888062,4.772181447267755,4.881022871451699,83274637
1362.5771434307098,0.0254125595092773,162.17847967147827,6,0,162.17847967147827,0.145771112587216,95000000,1525.725517988205,0.1427424821972234,0.1424492966244697,83274637
2097.2403461933136,0.0567941665649414,287.0956258773804,10,0,287.0956258773804,0.142276085066183,95000000,2385.9210970401764,0.1388644976152051,0.1391117356424267,83274637
2831.2246582508087,0.0878527164459228,431.609845161438,14,0,431.609845161438,0.1400661795605308,95000000,3264.9963274002075,0.1362585628345849,0.13680951170953,83274637
3577.522937297821,0.1185126304626464,588.6724882125854,18,0,588.6724882125854,0.1387098476198698,95000000,4168.935468435288,0.1351839403064671,0.1356095799896826,83274637
4312.681495189667,0.1514723300933838,746.3571853637695,22,0,746.3571853637695,0.1373463000520405,95000000,5062.369817972183,0.1340130512994632,0.1346305627259412,83274637
5050.487384319305,0.1882758140563964,896.7361731529236,26,0,896.7361731529236,0.1338565773924175,95000000,5951.088967084885,0.1309620861697684,0.1312841383901325,83274637
5776.512588739395,0.2177224159240722,1053.2110962867737,30,0,1053.2110962867737,0.1320996008474249,95000000,6834.200780391693,0.1297816366026243,0.1293913777895376,83274637
6484.862549066544,0.257657527923584,1209.3875977993011,34,0,1209.3875977993011,0.13125451984975714,95000000,7699.297969579697,0.12608788790091133,0.12862331542732539,83274637
