accumulated_eval_time,accumulated_logging_time,accumulated_submission_time,global_step,preemption_count,score,test/accuracy,test/loss,test/num_examples,total_duration,train/accuracy,train/loss,validation/accuracy,validation/loss,validation/num_examples
193.3233108520508,0.0,184.44618940353396,1,0,184.44618940353396,0.0053,6.8462703125,10000,378.3981735706329,0.0081313775510204,6.822055115991709,0.00712,6.8307475,50000
295.1651654243469,0.037656545639038086,743.5818314552307,8,0,743.5818314552307,0.0845,5.15428203125,10000,1040.7183623313904,0.13572225765306123,4.64963266800861,0.11922,4.741693125,50000
