accumulated_eval_time,accumulated_logging_time,accumulated_submission_time,global_step,preemption_count,score,test/loss,test/num_examples,total_duration,train/loss,validation/loss,validation/num_examples
762.9916625022888,0.0,5.392805814743042,1,0,5.392805814743042,25.69849239262952,95000000.0,768.723326921463,25.061960743739103,24.755041097981515,83274637.0
1368.5643029212952,0.0270040035247802,125.40290403366087,192,0,125.40290403366087,0.1475613887006257,95000000.0,1495.1259970664978,0.1429583048700814,0.1438240179616066,83274637.0
1987.238960981369,0.0630955696105957,245.3050897121429,381,0,245.3050897121429,0.1403112575658296,95000000.0,2234.386081933975,0.1369212747101871,0.1369580806676196,83274637.0
2590.028390645981,0.0830538272857666,365.2151997089386,574,0,365.2151997089386,0.1392018402354993,95000000.0,2957.8419799804688,0.1367286395631692,0.1358543666694055,83274637.0
3192.886955022812,0.1030759811401367,485.4077124595642,766,0,485.4077124595642,0.1382760481687847,95000000.0,3681.609115123749,0.1357979418131072,0.1348956738453134,83274637.0
3795.956118106842,0.1234955787658691,605.255859375,977,0,605.255859375,0.1347880988764712,95000000.0,4405.189781427383,0.1326279075651006,0.1316878537528122,83274637.0
4402.015280485153,0.1430270671844482,725.3311319351196,1170,0,725.3311319351196,0.1332079885448255,95000000.0,5131.953593730927,0.1281759822199726,0.1304072256683308,83274637.0
5000.274640321732,0.1702699661254882,845.6428017616272,1362,0,845.6428017616272,0.1318167371071263,95000000.0,5851.166209459305,0.1277900265175948,0.129263769179666,83274637.0
,,,1362,0,845.6428017616272,,,,,,
