accumulated_eval_time,accumulated_logging_time,accumulated_submission_time,global_step,preemption_count,score,test/loss,test/num_examples,total_duration,train/loss,validation/loss,validation/num_examples
802.9693875312805,0.0,19.981488466262817,1,0,19.981488466262817,13.472130317105265,95000000,822.9509389400482,13.50200384967732,13.50801980079481,83274637
1440.5308508872986,0.0254263877868652,140.25616669654846,172,0,140.25616669654846,0.1447225229543585,95000000,1580.8184299468994,0.138773361865267,0.1413386709518544,83274637
2081.6629164218903,0.0479214191436767,260.9612076282501,352,0,260.9612076282501,0.1390693681537829,95000000,2342.6841473579407,0.1368978490010372,0.1356662128813527,83274637
2713.121999979019,0.0693004131317138,381.213742017746,526,0,381.213742017746,0.1353760708881579,95000000,3094.4232659339905,0.134336516296245,0.1322161029593222,83274637
3371.7222440242767,0.0908005237579345,501.4983038902282,702,0,501.4983038902282,0.1322298191714638,95000000,3873.33579659462,0.1289799402954068,0.129455760988862,83274637
4028.8712651729584,0.11144185066223145,622.1736040115356,879,0,622.1736040115356,0.13109579079975328,95000000,4651.187164068222,0.12707210483275494,0.1285657752040659,83274637
