accumulated_eval_time,accumulated_logging_time,accumulated_submission_time,global_step,preemption_count,score,test/loss,test/num_examples,total_duration,train/loss,validation/loss,validation/num_examples
758.6404628753662,0.0,5.5705955028533936,1,0,5.5705955028533936,6.758451771772204,95000000,764.5909225940704,6.790208880829337,6.628498246823639,83274637
1402.268471479416,0.0292255878448486,125.9593505859375,187,0,125.9593505859375,0.1431642511668958,95000000,1529.403965473175,0.1412964519390885,0.1394401892436822,83274637
2044.8353989124296,0.0524675846099853,246.2711968421936,373,0,246.2711968421936,3.0407586514005964,95000000,2292.953813791275,2.9295424281357665,2.9601317858180183,83274637
2690.6860995292664,0.0782217979431152,366.2808706760407,567,0,366.2808706760407,0.1404319667593705,95000000,3059.572047472,0.13733718302482,0.137417946526512,83274637
3323.593065738678,0.1002864837646484,486.43861150741577,757,0,486.43861150741577,0.1325339763414884,95000000,3813.3493313789368,0.1286107086326971,0.129981611111291,83274637
3957.62019944191,0.12153244018554688,606.0905833244324,944,0,606.0905833244324,0.13095247480276007,95000000,4567.798591852188,0.1290100403946313,0.12831616570179133,83274637
