accumulated_eval_time,accumulated_logging_time,accumulated_submission_time,global_step,preemption_count,score,test/loss,test/num_examples,total_duration,train/loss,validation/loss,validation/num_examples
809.2373785972595,0.0,22.287521362304688,1,0,22.287521362304688,0.2173419986430921,95000000,831.524961233139,0.2070716894085302,0.2073808562081678,83274637
1445.2613151073456,0.0291121006011962,142.69031023979187,172,0,142.69031023979187,0.1389291953844572,95000000,1587.9861977100372,0.1360753739732991,0.1355796140021,83274637
2080.046981573105,0.0501902103424072,263.3454689979553,343,0,263.3454689979553,0.1338884159745065,95000000,2343.4533212184906,0.1285466668342456,0.1313191556578588,83274637
2711.2619631290436,0.07461714744567871,383.51968026161194,512,0,383.51968026161194,0.13156526506990132,95000000,3094.8722364902496,0.1269639384399795,0.1289442181356623,83274637
