accumulated_eval_time,accumulated_logging_time,accumulated_submission_time,global_step,preemption_count,score,test/ctc_loss,test/num_examples,test/wer,total_duration,train/ctc_loss,train/wer,validation/ctc_loss,validation/num_examples,validation/wer
28.574910163879395,0.0,386.9813370704651,1,0,386.9813370704651,6.140044519001226,2472,0.899579550301627,416.0472805500031,6.047772950503565,0.941634684804499,6.161277423020896,5348,0.8967218654950997
59.109081506729126,0.0580270290374755,1905.575069189072,5,0,1905.575069189072,1.6760642823730565,2472,0.4528466678853614,1966.232993602753,1.808367475965066,0.485329960536101,1.9969213852471368,5348,0.4929657702891903
90.20007371902466,0.1860086917877197,3425.611988067627,9,0,3425.611988067627,0.6334861321698174,2472,0.206731257489895,3518.4728560447693,0.6949087448935364,0.2285540579419061,0.8950126637218706,5348,0.26451986675035
121.4957947731018,0.30098557472229004,4944.908211231232,13,0,4944.908211231232,0.4474208517484999,2472,0.14689334389535474,5070.1808841228485,0.47599898126691487,0.16029291224032266,0.6864045311558168,5348,0.2052141167382803
