accumulated_eval_time,accumulated_logging_time,accumulated_submission_time,global_step,preemption_count,score,test/accuracy,test/loss,test/num_examples,total_duration,train/accuracy,train/loss,validation/accuracy,validation/loss,validation/num_examples
35.99643278121948,0,111.40512442588806,1,0,111.40512442588806,0.0010000000474974513,558.603271484375,10000,147.40168237686157,0.0008569834171794355,554.5652465820312,0.0009999999310821295,572.863037109375,50000
