accumulated_eval_time,accumulated_logging_time,accumulated_submission_time,global_step,preemption_count,score,test/loss,test/num_examples,total_duration,train/loss,validation/loss,validation/num_examples
811.3253853321075,0.0,21.896717071533203,1,0,21.896717071533203,0.4233482298108552,95000000,833.222142457962,0.4285121327676113,0.4136437750764002,83274637
1438.973343849182,0.0285398960113525,142.29973673820496,171,0,142.29973673820496,0.1410836499588816,95000000,1581.307356595993,0.1376925068643857,0.1377459139734827,83274637
2065.8957798480988,0.0502018928527832,262.9423453807831,343,0,262.9423453807831,0.1371592763569079,95000000,2328.899247646332,0.1345276871356386,0.1339993817099099,83274637
2691.6939992904663,0.0713989734649658,383.45644307136536,518,0,383.45644307136536,0.1329286011410362,95000000,3075.238255739212,0.1290932689213527,0.1300892617262512,83274637
3315.112860918045,0.093320608139038,504.12544417381287,689,0,504.12544417381287,0.1322098410259046,95000000,3819.353171348572,0.129946818059814,0.1294726404072785,83274637
3931.325112104416,0.11402177810668945,624.4657430648804,865,0,624.4657430648804,0.1311817074013158,95000000,4555.931820631027,0.1281729263470233,0.12848322657606948,83274637
