accumulated_eval_time,accumulated_logging_time,accumulated_submission_time,global_step,preemption_count,score,test/ctc_loss,test/num_examples,test/wer,total_duration,train/ctc_loss,train/wer,validation/ctc_loss,validation/num_examples,validation/wer
35.82292056083679,0.0,6.043633937835693,1,0,6.043633937835693,31.09346732047229,2472,2.239250096480004,42.38169980049133,32.072858286629305,2.150196129423748,31.029749346996184,5348,2.2073480422922804
63.662384033203125,0.0380961894989013,1443.7706484794617,2243,0,1443.7706484794617,3.207766428479257,2472,0.7003432656957732,1511.1433668136597,3.397614065828934,0.7713521010770864,3.5303030659785013,5348,0.74365857191136
93.4315676689148,0.07775211334228516,2881.585684776306,4486,0,2881.585684776306,0.5789526743660881,2472,0.19300062965896858,2982.0102922916412,0.6218748833812813,0.21184144940727737,0.8578713056622965,5348,0.25692077439289335
