accumulated_eval_time,accumulated_logging_time,accumulated_submission_time,global_step,preemption_count,score,test/accuracy,test/loss,test/num_examples,total_duration,train/accuracy,train/loss,validation/accuracy,validation/loss,validation/num_examples
191.69017028808597,0.0,183.78203177452087,1,0,183.78203177452087,0.0057,6.8646734375,10000,376.1360402107239,0.0077726403061224,6.839973916812819,0.00712,6.846928125,50000
297.0450518131256,0.03419017791748047,742.6284098625183,8,0,742.6284098625183,0.0789,5.2384625,10000,1041.6506521701813,0.12490035076530612,4.656503171336894,0.11588,4.74753875,50000
