accumulated_eval_time,accumulated_logging_time,accumulated_submission_time,global_step,preemption_count,score,test/ctc_loss,test/num_examples,test/wer,total_duration,train/ctc_loss,train/wer,validation/ctc_loss,validation/num_examples,validation/wer
28.280256271362305,0.0,383.5793588161469,1,0,383.5793588161469,5.996894960965223,2472,0.899579550301627,412.3839602470398,5.955364166692208,0.941395135883488,6.010187879872413,5348,0.8967218654950997
56.97982120513916,0.0464217662811279,1892.288383960724,5,0,1892.288383960724,4.9789192044648045,2472,0.8265797331058437,1950.795386314392,5.012954080294779,0.8638167289852071,5.125407734955797,5348,0.8370974750156907
88.32259607315063,0.1401231288909912,3402.7572689056396,9,0,3402.7572689056396,1.49829253096974,2472,0.4214855889342514,3493.6676149368286,1.6492603263146066,0.45381705602127914,1.8006860856816356,5348,0.4605320330227393
