accumulated_eval_time,accumulated_logging_time,accumulated_submission_time,global_step,preemption_count,score,test/accuracy,test/loss,test/num_examples,total_duration,train/accuracy,train/loss,validation/accuracy,validation/loss,validation/num_examples
35.07534146308899,0,110.53134393692017,1,0,110.53134393692017,0.0010000000474974513,656.1047973632812,10000,145.60679173469543,0.000996492337435484,650.4322509765625,0.001019999966956675,660.069091796875,50000
