accumulated_eval_time,accumulated_logging_time,accumulated_submission_time,global_step,preemption_count,score,test/ctc_loss,test/num_examples,test/wer,total_duration,train/ctc_loss,train/wer,validation/ctc_loss,validation/num_examples,validation/wer
27.78230214118957,0.0,383.55607414245605,1,0,383.55607414245605,6.006402025937157,2472,0.899579550301627,411.83393907547,5.95875275628839,0.9418021207151324,6.020945175934298,5348,0.8967218654950997
56.023845911026,0.0481395721435546,1893.1968569755556,5,0,1893.1968569755556,4.830693512484676,2472,0.8306217374525217,1950.7160551548004,4.904113243353673,0.8627380933049705,5.002664600914206,5348,0.8385844638632742
87.52116918563843,0.16222071647644043,3403.6467237472534,9,0,3403.6467237472534,1.4310577496935286,2472,0.41577803505778643,3493.7695796489716,1.5496382002154379,0.449772393896584,1.7108935478199718,5348,0.45509583353449523
