global_step,grad_norm,loss,train/accuracy,train/loss,validation/accuracy,validation/loss,validation/num_examples,test/accuracy,test/loss,test/num_examples,score,total_duration,accumulated_submission_time,accumulated_eval_time,accumulated_logging_time,preemption_count
0,0.29306293,6.9099417,,,,,,,,,,,,,,
1,,,0.0007772640092298388,6.9077558517456055,0.0008999999845400453,6.907755374908447,50000.0,0.0009000000427477062,6.907756805419922,10000.0,57.069942474365234,98.03186225891113,57.069942474365234,40.96182298660278,0.0,0.0
