accumulated_eval_time,accumulated_logging_time,accumulated_submission_time,global_step,preemption_count,score,test/ctc_loss,test/num_examples,test/wer,total_duration,train/ctc_loss,train/wer,validation/ctc_loss,validation/num_examples,validation/wer
27.48840641975403,0.0,384.31256556510925,1,0,384.31256556510925,6.129118007613394,2472,0.899579550301627,412.2630519866944,6.029147522568109,0.9419563809112502,6.152209931309022,5348,0.8967218654950997
56.8111789226532,0.046097993850708,1892.9792664051056,5,0,1892.9792664051056,1.5899699174140267,2472,0.4227855300306705,1951.2205114364624,1.7461572649745645,0.4586644353271432,1.9388695813240908,5348,0.4668082846521508
87.14356732368469,0.1496176719665527,3401.953278541565,9,0,3401.953278541565,0.6340335969256081,2472,0.2086811691345236,3491.5010068416595,0.7083528358566435,0.2352569639386741,0.9195577979015972,5348,0.2730362574228745
116.61442613601685,0.2598774433135986,4908.98649263382,13,0,4908.98649263382,0.5279944976288793,2472,0.1753092437998903,5029.165591955185,0.583102254786868,0.1974249622111855,0.8026485799521549,5348,0.2369236711244146
146.6152138710022,0.3613762855529785,6418.448595046997,17,0,6418.448595046997,0.4644426152493709,2472,0.1561757357869721,6569.717688322067,0.501831708615013,0.1728136471604405,0.7210240347787321,5348,0.2147829865301984
176.6875491142273,0.4739243984222412,7927.238875389099,21,0,7927.238875389099,0.43552144493193107,2472,0.144679381715516,8109.593871355057,0.4604643793263976,0.15933923558626648,0.6837127053979556,5348,0.2026649929995655
