accumulated_eval_time,accumulated_logging_time,accumulated_submission_time,global_step,preemption_count,score,test/accuracy,test/loss,test/num_examples,total_duration,train/accuracy,train/loss,validation/accuracy,validation/loss,validation/num_examples
34.71575665473938,0,105.65368366241455,1,0,105.65368366241455,0.0010999999940395355,6.912580966949463,10000,140.36954808235168,0.001454878831282258,6.912574291229248,0.0015799999237060547,6.9125800132751465,50000
