accumulated_eval_time,accumulated_logging_time,accumulated_submission_time,global_step,preemption_count,score,test/loss,test/num_examples,total_duration,train/loss,validation/loss,validation/num_examples
762.9056873321533,0.0,22.322184085845947,1,0,22.322184085845947,0.6002844163651315,95000000,785.2279121875763,0.5748276292527996,0.579761918254444,83274637
1378.3815140724182,0.0274450778961181,142.31102180480957,181,0,142.31102180480957,0.1383772092105263,95000000,1520.7260210514069,0.1354093436245461,0.1350410470283613,83274637
1993.514086723328,0.0497591495513916,262.6626150608063,361,0,262.6626150608063,0.1343280140727796,95000000,2256.237943649292,0.1311384763615498,0.1315125739478793,83274637
2604.474956512451,0.070859670639038,383.09538531303406,549,0,383.09538531303406,0.1326067697162829,95000000,2987.658346891403,0.1289724750245142,0.1299799149923793,83274637
3211.0291900634766,0.09191703796386719,503.7668306827545,730,0,503.7668306827545,0.1313203660259046,95000000,3714.910510778427,0.12966715164904324,0.12875519954420517,83274637
