accumulated_eval_time,accumulated_logging_time,accumulated_submission_time,global_step,preemption_count,score,test/accuracy,test/loss,test/num_examples,total_duration,train/accuracy,train/loss,validation/accuracy,validation/loss,validation/num_examples
193.7117943763733,0.0,183.46313047409055,1,0,183.46313047409055,0.0198,6.263596484375,10000,377.86432099342346,0.02734375,6.027620276626275,0.02736,6.067876875,50000
297.51125502586365,0.030398130416870117,738.5352702140808,8,0,738.5352702140808,0.1736,4.402466015625,10000,1038.1119663715363,0.25741390306122447,3.6595458984375,0.23112,3.81921625,50000
