accumulated_eval_time,accumulated_logging_time,accumulated_submission_time,global_step,preemption_count,score,test/ctc_loss,test/num_examples,test/wer,total_duration,train/ctc_loss,train/wer,validation/ctc_loss,validation/num_examples,validation/wer
26.946759700775143,0.0,382.3163261413574,1,0,382.3163261413574,6.310951513000839,2472,0.899579550301627,409.63764905929565,6.179306606126625,0.94180275072936,6.354338551084991,5348,0.8967218654950997
53.624067544937134,0.0538794994354248,1874.3476734161377,5,0,1874.3476734161377,6.676854958384412,2472,0.899579550301627,1929.342205286026,6.7525370655047325,0.94180275072936,6.66996857419128,5348,0.8967218654950997
80.20365142822266,0.1650547981262207,3364.4905428886414,9,0,3364.4905428886414,7.162020936834635,2472,0.899579550301627,3447.0510036945343,7.264058422497548,0.94180275072936,7.1265022227245325,5348,0.8967218654950997
107.33659720420837,0.27217698097229004,4853.785190343857,13,0,4853.785190343857,9.286287825020969,2472,0.899579550301627,4964.581486463547,9.323085811436775,0.94180275072936,9.292309467299578,5348,0.8967218654950997
