accumulated_eval_time,accumulated_logging_time,accumulated_submission_time,global_step,preemption_count,score,test/ctc_loss,test/num_examples,test/wer,total_duration,train/ctc_loss,train/wer,validation/ctc_loss,validation/num_examples,validation/wer
27.8891179561615,0.0,386.3451511859894,1,0,386.3451511859894,6.0885936189431575,2472,0.899579550301627,414.6748452186585,6.009084576758997,0.9417702872492526,6.1094421055605785,5348,0.8967218654950997
58.69295835494995,0.050423622131347656,1900.6772229671478,5,0,1900.6772229671478,1.6742282768243113,2472,0.47143176324822783,1960.8192930221558,1.8268442588094411,0.5028703262423638,2.014488129771951,5348,0.5085308743301309
