accumulated_eval_time,accumulated_logging_time,accumulated_submission_time,global_step,preemption_count,score,test/loss,test/num_examples,total_duration,train/loss,validation/loss,validation/num_examples
808.3276422023773,0.0,22.559264659881592,1,0,22.559264659881592,0.2695391363692434,95000000,830.8869507312775,0.2687014420546076,0.2503821902917751,83274637
1445.2588608264923,0.0286414623260498,142.72365427017212,172,0,142.72365427017212,0.1412940647203947,95000000,1588.0164544582367,0.1379508350349072,0.1379615386468901,83274637
2079.25868844986,0.0521540641784668,263.3765332698822,344,0,263.3765332698822,0.1378717483141447,95000000,2342.697928190232,0.1335448537185881,0.1344792968933926,83274637
2705.3481192588806,0.0766160488128662,384.24640798568726,515,0,384.24640798568726,0.1321789423725329,95000000,3089.687070131302,0.1291925920021234,0.1294647337053331,83274637
3319.512582540512,0.098172903060913,505.0491898059845,693,0,505.0491898059845,0.1321873008943256,95000000,3824.6811327934265,0.1281752056389484,0.129540311675458,83274637
3948.7909944057465,0.11962532997131348,625.5071132183075,869,0,625.5071132183075,0.1319149103207237,95000000,4574.44429898262,0.1280335753617234,0.12951272729115326,83274637
