accumulated_eval_time,accumulated_logging_time,accumulated_submission_time,global_step,preemption_count,score,test/accuracy,test/loss,test/num_examples,total_duration,train/accuracy,train/loss,validation/accuracy,validation/loss,validation/num_examples
34.542115926742554,0,105.78894209861755,1,0,105.78894209861755,0.0010000000474974513,6.911576747894287,10000,140.3311858177185,0.0011160713620483875,6.912078857421875,0.00107999995816499,6.9123992919921875,50000
