accumulated_eval_time,accumulated_logging_time,accumulated_submission_time,global_step,preemption_count,score,test/ctc_loss,test/num_examples,test/wer,total_duration,train/ctc_loss,train/wer,validation/ctc_loss,validation/num_examples,validation/wer
46.54287338256836,0.0,419.5049350261688,1,0,419.5049350261688,7.395123072456287,2472,0.899579550301627,466.44791984558105,7.355990052036024,0.9418021207151324,7.394082309875427,5348,0.8967218654950997
74.71979761123657,0.039327144622802734,1865.2516839504242,6,0,1865.2516839504242,5.276208545712627,2472,0.8968781102106311,1941.550963640213,5.439309315494984,0.9384516289668685,5.483234205470163,5348,0.8946169072563125
