accumulated_eval_time,accumulated_logging_time,accumulated_submission_time,global_step,preemption_count,score,test/accuracy,test/loss,test/num_examples,total_duration,train/accuracy,train/loss,validation/accuracy,validation/loss,validation/num_examples
189.8525996208191,0.0,186.48675847053528,1,0,186.48675847053528,0.0138,6.429104296875,10000,377.0156655311585,0.0193120216836734,6.283365677814095,0.01888,6.307525625,50000
290.0794675350189,0.0332295894622802,748.9495949745178,8,0,748.9495949745178,0.1616,4.485790625,10000,1041.0760550498962,0.2403738839285714,3.675832631636639,0.22372,3.8063859375,50000
391.93168020248413,0.07756710052490234,1307.2513077259064,15,0,1307.2513077259064,0.2778,3.59612890625,10000,1702.5674912929535,0.4104153380102041,2.673943967235332,0.38092,2.841275,50000
