accumulated_eval_time,accumulated_logging_time,accumulated_submission_time,global_step,preemption_count,score,test/accuracy,test/loss,test/num_examples,total_duration,train/accuracy,train/loss,validation/accuracy,validation/loss,validation/num_examples
194.4909744262696,0.0,186.34813570976257,1,0,186.34813570976257,0.0143,6.42609609375,10000,381.5171928405762,0.0194116709183673,6.284334143813775,0.019,6.313385625,50000
298.546911239624,0.0352306365966796,748.3996703624725,8,0,748.3996703624725,0.1675,4.430574609375,10000,1048.9913516044617,0.2490433673469387,3.6438514553770727,0.22968,3.7661309375,50000
396.13452911376953,0.09351706504821777,1305.1517372131348,15,0,1305.1517372131348,0.3026,3.404746484375,10000,1704.6299147605896,0.43751992984693877,2.5029134944993623,0.40226,2.6892821875,50000
