accumulated_eval_time,accumulated_logging_time,accumulated_submission_time,global_step,preemption_count,score,test/loss,test/num_examples,total_duration,train/loss,validation/loss,validation/num_examples
23.35227680206299,0.0,6.972156763076782,1,0,6.972156763076782,1.4304000075657894,95000000,30.32446885108948,1.4310970508827354,1.4362856491647031,83274637
46.69099712371826,0.0172703266143798,1207.2981445789335,1466,0,1207.2981445789335,0.1287855394839638,95000000,1254.0518026351929,0.1246838671793727,0.1263667991037745,83274637
70.22025656700134,0.0440387725830078,2407.488054037094,2932,0,2407.488054037094,0.1279727731702302,95000000,2477.843772649765,0.1244973810682506,0.1255061913201434,83274637
93.75166869163512,0.0683181285858154,3607.643114089966,4397,0,3607.643114089966,0.1275827033511513,95000000,3701.599606513977,0.1219806357655885,0.1251652932377838,83274637
117.37453699111938,0.0936274528503418,4807.917258262634,5848,0,4807.917258262634,0.1270489456928454,95000000,4925.567043304443,0.1231361150085551,0.1246191815338534,83274637
141.24859738349917,0.1198458671569824,6008.290269374847,7319,0,6008.290269374847,0.1266715920024671,95000000,6149.8863344192505,0.1242717773940578,0.1242309494396235,83274637
164.89986538887024,0.14311456680297852,7208.353371858597,8770,0,7208.353371858597,0.1262627259765625,95000000,7373.6689529418945,0.12109286652046179,0.1238772713086849,83274637
