accumulated_eval_time,accumulated_logging_time,accumulated_submission_time,global_step,preemption_count,score,test/accuracy,test/loss,test/num_examples,total_duration,train/accuracy,train/loss,validation/accuracy,validation/loss,validation/num_examples
190.2570953369141,0.0,183.70212841033936,1,0,183.70212841033936,0.0059,6.8395625,10000,374.53022480010986,0.0076530612244897,6.814773248166454,0.00686,6.822549375,50000
292.195987701416,0.032292842864990234,737.8780264854431,8,0,737.8780264854431,0.0793,5.22686484375,10000,1031.8553259372711,0.1288464604591837,4.66712795958227,0.1162,4.7607646875,50000
