accumulated_eval_time,accumulated_logging_time,accumulated_submission_time,global_step,preemption_count,score,test/accuracy,test/loss,test/num_examples,total_duration,train/accuracy,train/loss,validation/accuracy,validation/loss,validation/num_examples
193.03193140029907,0.0,186.8459949493408,1,0,186.8459949493408,0.0029,8.151371875,10000,380.5104115009308,0.0027303890306122,8.399710518973214,0.00268,8.20193125,50000
295.0832710266113,0.0534946918487548,747.5336709022522,8,0,747.5336709022522,0.0878,5.185881640625,10000,1044.6040208339691,0.1219507334183673,4.720846370774872,0.11452,4.7958384375,50000
399.02819323539734,0.09941554069519043,1304.6855051517487,15,0,1304.6855051517487,0.1165,4.96226796875,10000,1706.905285358429,0.1746452487244898,4.2837066650390625,0.1578,4.4239040625,50000
