accumulated_eval_time,accumulated_logging_time,accumulated_submission_time,global_step,preemption_count,score,test/ctc_loss,test/num_examples,test/wer,total_duration,train/ctc_loss,train/wer,validation/ctc_loss,validation/num_examples,validation/wer
27.67169976234436,0.0,383.9574148654938,1,0,383.9574148654938,6.02901114588038,2472,0.899579550301627,412.0349526405335,5.966858564634879,0.9416273969032988,6.046179613723126,5348,0.8967218654950997
55.02278208732605,0.047185420989990234,1893.27095079422,5,0,1893.27095079422,5.829516017162398,2472,0.8961672049235269,1949.6899480819702,5.868594726426591,0.9382451301874091,5.936108835016074,5348,0.8948389900062762
