accumulated_eval_time,accumulated_logging_time,accumulated_submission_time,global_step,preemption_count,score,test/accuracy,test/loss,test/num_examples,total_duration,train/accuracy,train/loss,validation/accuracy,validation/loss,validation/num_examples
37.32335448265076,0,113.34217476844788,1,0,113.34217476844788,0.0010000000474974513,491.8730773925781,10000,150.66564059257507,0.0012954400153830647,496.3477783203125,0.0009999999310821295,505.6112365722656,50000
