accumulated_eval_time,accumulated_logging_time,accumulated_submission_time,global_step,preemption_count,score,test/ctc_loss,test/num_examples,test/wer,total_duration,train/ctc_loss,train/wer,validation/ctc_loss,validation/num_examples,validation/wer
28.415424585342407,0.0,380.422358751297,1,0,380.422358751297,6.00214167043035,2472,0.899579550301627,409.3874795436859,5.957134591494648,0.9416616025696676,6.01545507773257,5348,0.8967218654950997
55.72104454040527,0.051990270614624,1875.8957805633545,5,0,1875.8957805633545,5.000004839021872,2472,0.8957203501716329,1933.134460926056,5.03070852407127,0.9369194374511676,5.171761195248141,5348,0.8943175783324482
87.36250805854797,0.15805983543395996,3373.091967821121,9,0,3373.091967821121,1.3786946940125169,2472,0.4081408811163244,3463.11683344841,1.4992298512669537,0.439605217466794,1.6706372752159935,5348,0.45067349007869456
