accumulated_eval_time,accumulated_logging_time,accumulated_submission_time,global_step,preemption_count,score,test/ctc_loss,test/num_examples,test/wer,total_duration,train/ctc_loss,train/wer,validation/ctc_loss,validation/num_examples,validation/wer
28.18301248550415,0.0,386.7212059497833,1,0,386.7212059497833,6.109657881153622,2472,0.899579550301627,415.4014468193054,6.01467849755992,0.9418191263128846,6.132006840842878,5348,0.8967218654950997
59.75660228729248,0.0511960983276367,1904.77361369133,5,0,1904.77361369133,1.4021877419510935,2472,0.3868340340828306,1966.090928554535,1.555483820954943,0.4250526236045951,1.751208881165863,5348,0.438632742721962
91.03171038627625,0.1771795749664306,3426.1445939540863,9,0,3426.1445939540863,0.5266784348990258,2472,0.172851542664473,3519.8629298210144,0.5810833217863275,0.1919719917966699,0.7766609705426211,5348,0.2306667310384782
122.69165253639221,0.29809141159057617,4946.2161276340485,13,0,4946.2161276340485,0.3940621169107684,2472,0.13019722543822232,5072.686467409134,0.42217631348600165,0.143406762877226,0.6209056287830269,5348,0.185120455752426
