accumulated_eval_time,accumulated_logging_time,accumulated_submission_time,global_step,preemption_count,score,test/accuracy,test/loss,test/num_examples,total_duration,train/accuracy,train/loss,validation/accuracy,validation/loss,validation/num_examples
191.2212750911713,0.0,186.26146984100345,1,0,186.26146984100345,0.0012,9.47526015625,10000,378.1366901397705,0.0011758609693877,8.68968730070153,0.00116,8.32765625,50000
290.87177443504333,0.0355224609375,753.3718147277832,8,0,753.3718147277832,0.0736,6.83730234375,10000,1046.2060239315033,0.107680963010204,5.788191814811862,0.10392,5.578840625,50000
391.7461094856262,0.07780575752258301,1317.72886967659,15,0,1317.72886967659,0.1148,4.94350546875,10000,1712.7134108543396,0.17338966836734693,4.420978468291613,0.15968,4.52898,50000
