accumulated_eval_time,accumulated_logging_time,accumulated_submission_time,global_step,preemption_count,score,test/ctc_loss,test/num_examples,test/wer,total_duration,train/ctc_loss,train/wer,validation/ctc_loss,validation/num_examples,validation/wer
46.351521253585815,0.0,419.25811219215393,1,0,419.25811219215393,8.126489612233048,2472,0.899579550301627,466.0362980365753,8.09305565914284,0.9417847899769348,8.136934586598352,5348,0.8967218654950997
74.64529085159302,0.03883934020996094,1868.3573060035706,6,0,1868.3573060035706,5.24118854442222,2472,0.8821319033981273,1944.5514028072357,5.381307335561778,0.9135651401778077,5.364320797543701,5348,0.8777482740308019
