accumulated_eval_time,accumulated_logging_time,accumulated_submission_time,global_step,preemption_count,score,test/loss,test/num_examples,total_duration,train/loss,validation/loss,validation/num_examples
772.1256301403046,0.0,21.133498191833496,1,0,21.133498191833496,0.4064960121710526,95000000,793.2591750621796,0.3959406568381771,0.3921774411900168,83274637
1398.777933359146,0.0253369808197021,141.44830465316772,181,0,141.44830465316772,0.1400691424958881,95000000,1540.2580337524414,0.1345231695651258,0.1365961371740297,83274637
2027.491812467575,0.0456125736236572,261.56853342056274,359,0,261.56853342056274,0.1339707856085526,95000000,2289.1186265945435,0.1304305993348547,0.1311245089049067,83274637
2642.190901041031,0.0673573017120361,381.8075289726257,543,0,381.8075289726257,0.1324389477282072,95000000,3024.0844852924347,0.1289549732709643,0.1295209298714242,83274637
3255.086485147476,0.0882279872894287,502.05787777900696,727,0,502.05787777900696,0.1329189360505756,95000000,3757.2577891349792,0.1274587933161536,0.1300951399193261,83274637
3884.3014833927155,0.10848617553710938,622.5550756454468,906,0,622.5550756454468,0.13128633857935856,95000000,4506.9965217113495,0.12709901289744946,0.12866289166917766,83274637
