accumulated_eval_time,accumulated_logging_time,accumulated_submission_time,global_step,preemption_count,score,test/loss,test/num_examples,total_duration,train/loss,validation/loss,validation/num_examples
569.8236315250397,0.0,5.831082820892334,1,0,5.831082820892334,0.3223806629111842,95000000,575.6547653675079,0.3151050875865438,0.3111956891602091,83274637
1122.6022086143494,0.0185234546661376,126.29569792747498,185,0,126.29569792747498,0.147430079790296,95000000,1248.922420978546,0.1454546064981874,0.1437751276648371,83274637
1548.0405588150024,0.0394415855407714,246.678448677063,361,0,246.678448677063,0.1445637771484375,95000000,1794.7702720165253,0.1402548727280688,0.1408726245818756,83274637
1823.605797290802,0.0614628791809082,367.1353442668915,517,0,367.1353442668915,0.1436941556846217,95000000,2190.8197841644287,0.1418415497894744,0.1403611702558742,83274637
1944.2439467906952,0.0890002250671386,487.7922821044922,623,0,487.7922821044922,0.1352624748355263,95000000,2432.1466748714447,0.1309757541115366,0.1321215950327221,83274637
2065.584342479706,0.1100955009460449,608.2900762557983,727,0,608.2900762557983,0.13300656171875,95000000,2674.0099110603333,0.1292682298863271,0.1304073700592485,83274637
2185.7788741588597,0.1348600387573242,729.629237651825,830,0,729.629237651825,0.1322451620579769,95000000,2915.572240114212,0.129121259323456,0.1297089016806522,83274637
2306.39590716362,0.15688824653625488,849.7053647041321,930,0,849.7053647041321,0.13191218440583882,95000000,3156.2911324501038,0.12537080106917042,0.12938006622944473,83274637
