accumulated_eval_time,accumulated_logging_time,accumulated_submission_time,global_step,preemption_count,score,test/accuracy,test/loss,test/num_examples,total_duration,train/accuracy,train/loss,validation/accuracy,validation/loss,validation/num_examples
188.70929646492004,0.0,186.708336353302,1,0,186.708336353302,0.0009,188.618825,10000,376.0400276184082,0.0009765625,32.06026287468112,0.00124,39.093145,50000
288.4355244636536,0.0350289344787597,749.7220911979675,8,0,749.7220911979675,0.057,13.952134375,10000,1040.1466236114502,0.0872130102040816,13.446662747130102,0.08374,12.42214875,50000
391.21071553230286,0.0885474681854248,1309.3830063343048,15,0,1309.3830063343048,0.1452,4.823437890625,10000,1703.7897684574127,0.22939253826530612,4.013657550422513,0.20606,4.173786875,50000
