accumulated_eval_time,accumulated_logging_time,accumulated_submission_time,global_step,preemption_count,score,test/ctc_loss,test/num_examples,test/wer,total_duration,train/ctc_loss,train/wer,validation/ctc_loss,validation/num_examples,validation/wer
46.46579265594482,0.0,420.1629433631897,1,0,420.1629433631897,7.0520751338796055,2472,0.899579550301627,467.0672945976257,7.027561954482144,0.941395135883488,7.076120466646574,5348,0.8967218654950997
74.84395051002502,0.0391087532043457,1868.9440367221832,6,0,1868.9440367221832,5.617803567972127,2472,0.8866004509170679,1945.3914160728455,5.770995732913776,0.9241766866885417,5.7439750194645365,5348,0.8860232704098875
