accumulated_eval_time,accumulated_logging_time,accumulated_submission_time,global_step,preemption_count,score,test/accuracy,test/loss,test/num_examples,total_duration,train/accuracy,train/loss,validation/accuracy,validation/loss,validation/num_examples
195.87263774871823,0.0,189.47886753082275,1,0,189.47886753082275,0.0008,194.1881625,10000,386.0105082988739,0.0014947385204081,49.734693877551024,0.00102,69.785305,50000
295.8182861804962,0.0433077812194824,755.2982625961304,8,0,755.2982625961304,0.0569,5.966362109375,10000,1053.092227935791,0.0833466198979591,5.683664127272003,0.07796,5.656081875,50000
403.2671413421631,0.08984494209289551,1317.2695314884186,15,0,1317.2695314884186,0.1553,4.67575703125,10000,1723.79936170578,0.23447464923469388,3.944917328503667,0.21006,4.11656375,50000
