accumulated_eval_time,accumulated_logging_time,accumulated_submission_time,global_step,preemption_count,score,test/loss,test/num_examples,total_duration,train/loss,validation/loss,validation/num_examples
800.9358973503113,0.0,21.10372877120972,1,0,21.10372877120972,0.4361523863486842,95000000,822.0396800041199,0.440353199136707,0.4206774385372733,83274637
1454.2108879089355,0.0279793739318847,141.8672902584076,175,0,141.8672902584076,0.1388774570518092,95000000,1596.112543106079,0.1374349929392337,0.1356508010454649,83274637
2087.281988620758,0.0483243465423584,262.619695186615,346,0,262.619695186615,0.1329851983655427,95000000,2349.96264576912,0.1298045376842876,0.1302184359726254,83274637
2705.216230630874,0.0694725513458252,382.9055633544922,530,0,382.9055633544922,0.1321030293893914,95000000,3088.210151910782,0.1293975269808522,0.1295079961462429,83274637
3320.6363456249237,0.09078311920166016,503.0337414741516,701,0,503.0337414741516,0.1309456765625,95000000,3823.7855985164642,0.12780077777709226,0.12844645439606697,83274637
