accumulated_eval_time,accumulated_logging_time,accumulated_submission_time,global_step,preemption_count,score,test/loss,test/num_examples,total_duration,train/loss,validation/loss,validation/num_examples
786.4171814918518,0.0,21.604984998703003,1,0,21.604984998703003,3.130607550328947,95000000,808.0222096443176,3.2374152526165703,3.2355666621668973,83274637
1425.49675655365,0.0258295536041259,141.91255021095276,175,0,141.91255021095276,0.1412220911389802,95000000,1567.4410610198977,0.1369916776300601,0.1379877901275124,83274637
2053.751671075821,0.0467510223388671,262.03001403808594,349,0,262.03001403808594,0.1372227654605263,95000000,2315.8401777744293,0.1337068880433743,0.1343645400031415,83274637
2695.0021181106567,0.0699179172515869,382.5447375774384,533,0,382.5447375774384,0.1323749033819901,95000000,3077.634829759598,0.1289128268360154,0.129707100810636,83274637
3313.061057329178,0.09085226058959961,502.9867022037506,706,0,502.9867022037506,0.13160839818050987,95000000,3816.162577390671,0.12999505127938288,0.12899234332785203,83274637
