accumulated_eval_time,accumulated_logging_time,accumulated_submission_time,global_step,preemption_count,score,test/ctc_loss,test/num_examples,test/wer,total_duration,train/ctc_loss,train/wer,validation/ctc_loss,validation/num_examples,validation/wer
29.72682476043701,0.0,383.6153738498688,1,0,383.6153738498688,7.54951287179818,2472,0.876302480043873,413.8218955993652,7.737708836253256,0.9087062296695186,7.465078423246936,5348,0.8737025056727659
60.450528621673584,0.041893720626831,1890.127641916275,5,0,1890.127641916275,0.9659470973933802,2472,0.3045112018361668,1952.0162534713745,1.0718121634633442,0.335658639258672,1.2785208443213782,5348,0.3654323371795491
92.73087573051453,0.14251446723937988,3399.7177023887634,9,0,3399.7177023887634,0.5299651388799277,2472,0.17279060792557838,3494.9207339286804,0.5926759423026363,0.19352704808244267,0.7931358762024061,5348,0.23126538888620674
