accumulated_eval_time,accumulated_logging_time,accumulated_submission_time,global_step,preemption_count,score,test/accuracy,test/loss,test/num_examples,total_duration,train/accuracy,train/loss,validation/accuracy,validation/loss,validation/num_examples
195.32185649871823,0.0,188.06489491462708,1,0,188.06489491462708,0.0011,13.7284640625,10000,384.01062631607056,0.0011559311224489,13.637082469706632,0.00106,11.55221,50000
299.40300583839417,0.03971099853515625,748.6230306625366,8,0,748.6230306625366,0.0769,6.17010078125,10000,1050.1067192554474,0.11672911352040816,5.313082325215242,0.10566,5.32465375,50000
