accumulated_eval_time,accumulated_logging_time,accumulated_submission_time,global_step,preemption_count,score,test/accuracy,test/loss,test/num_examples,total_duration,train/accuracy,train/loss,validation/accuracy,validation/loss,validation/num_examples
195.56410264968872,0.0,189.1594271659851,1,0,189.1594271659851,0.0136,6.423781640625,10000,385.4247326850891,0.0196508290816326,6.262432487643495,0.01862,6.29802875,50000
297.3661916255951,0.0377838611602783,755.5975458621979,8,0,755.5975458621979,0.1744,4.39176328125,10000,1055.0375669002533,0.2497807716836734,3.614873457928093,0.23068,3.7579303125,50000
406.6925618648529,0.08874177932739258,1315.5107727050781,15,0,1315.5107727050781,0.2863,3.52035,10000,1725.601377248764,0.41930404974489793,2.589911324637277,0.38986,2.7720753125,50000
