accumulated_eval_time,accumulated_logging_time,accumulated_submission_time,global_step,preemption_count,score,test/accuracy,test/loss,test/num_examples,total_duration,train/accuracy,train/loss,validation/accuracy,validation/loss,validation/num_examples
194.74995064735413,0.0,183.6713035106659,1,0,183.6713035106659,0.0068,6.8524203125,10000,379.0755093097687,0.0078324298469387,6.8172613649952165,0.00812,6.82832875,50000
295.58868408203125,0.030257463455200195,738.7403161525726,8,0,738.7403161525726,0.0801,5.256910546875,10000,1036.2806296348572,0.12657445790816327,4.6592653235610655,0.11458,4.74758125,50000
