accumulated_eval_time,accumulated_logging_time,accumulated_submission_time,global_step,preemption_count,score,test/ctc_loss,test/num_examples,test/wer,total_duration,train/ctc_loss,train/wer,validation/ctc_loss,validation/num_examples,validation/wer
27.50455355644226,0.0,380.7712934017181,1,0,380.7712934017181,7.258170688431512,2472,0.899579550301627,408.69315671920776,7.052124516808787,0.941825107400634,7.242584639340968,5348,0.8967218654950997
54.08302807807922,0.0435032844543457,1875.6084420681,5,0,1875.6084420681,5.78773307955352,2472,0.899579550301627,1931.098122358322,5.8667688101554,0.941825107400634,5.852330878290134,5348,0.8967218654950997
80.46895742416382,0.1526622772216797,3372.7710111141205,9,0,3372.7710111141205,10.172811149106394,2472,0.899579550301627,3455.72689294815,10.36028786508251,0.941825107400634,10.20596776421539,5348,0.8967218654950997
110.03037118911743,0.2519829273223877,4867.31546330452,13,0,4867.31546330452,2.0177995354539005,2472,0.5127455162187964,4980.89800620079,2.2127201674949943,0.5538247611215115,2.36460452456299,5348,0.5565393714092599
