accumulated_eval_time,accumulated_logging_time,accumulated_submission_time,global_step,preemption_count,score,test/loss,test/num_examples,total_duration,train/loss,validation/loss,validation/num_examples
815.5830254554749,0.0,5.525967597961426,1,0,5.525967597961426,0.4391786592516447,95000000,821.4538133144379,0.4204188350722935,0.42599180092445,83274637
1474.5028474330902,0.0272104740142822,125.5600607395172,182,0,125.5600607395172,1.2439157012322677,95000000,1601.1789989471436,1.1567818430031955,1.1827195039294958,83274637
2127.996197223664,0.0727541446685791,245.65893507003784,369,0,245.65893507003784,0.1534395998917429,95000000,2375.477149248123,0.1502574324411709,0.1488984509838634,83274637
2739.318118572235,0.0967869758605957,365.4422113895416,556,0,365.4422113895416,0.1390055923289248,95000000,3107.328483819961,0.135326040562586,0.1351953830909803,83274637
3377.1789157390594,0.1179950237274169,485.4246950149536,741,0,485.4246950149536,0.1368076085498609,95000000,3865.927445411682,0.1343719825599677,0.1331641790575044,83274637
4022.9833760261536,0.1424975395202636,605.1253967285156,931,0,605.1253967285156,0.134850076094537,95000000,4632.168609857559,0.1294114654210398,0.1314465822872106,83274637
4666.036822795868,0.1645781993865966,724.7131748199463,1107,0,724.7131748199463,0.1334545954720748,95000000,5395.515043258667,0.1273339249516324,0.1303473178421944,83274637
5271.843984603882,0.1868922710418701,844.7090096473694,1291,0,844.7090096473694,0.1322544076568603,95000000,6121.988362550736,0.1281948295286679,0.1294008934647388,83274637
5866.7665321826935,0.20940494537353516,964.84414935112,1470,0,964.84414935112,0.13133228692068802,95000000,6837.7673263549805,0.1298263377422339,0.128747372431919,83274637
