accumulated_eval_time,accumulated_logging_time,accumulated_submission_time,global_step,preemption_count,score,test/accuracy,test/loss,test/num_examples,total_duration,train/accuracy,train/loss,validation/accuracy,validation/loss,validation/num_examples
34.73288893699646,0,113.78413414955139,1,0,113.78413414955139,0.0006000000284984708,6.911170482635498,10000,148.5171298980713,0.0010164221748709679,6.91234827041626,0.0011199999134987593,6.912367820739746,50000
