accumulated_eval_time,accumulated_logging_time,accumulated_submission_time,global_step,preemption_count,score,test/ctc_loss,test/num_examples,test/wer,total_duration,train/ctc_loss,train/wer,validation/ctc_loss,validation/num_examples,validation/wer
32.101075887680054,0.0,6.147531509399414,1,0,6.147531509399414,29.23882831150397,2472,1.2941929193833404,38.7640585899353,29.212839197865705,1.2105334933449703,29.27935691681736,5348,1.2964611596581856
58.756632566452026,0.0350692272186279,1444.2611556053162,2229,0,1444.2611556053162,7.329449480611652,2472,0.899579550301627,1506.7082934379578,7.511746122721907,0.941348461706306,7.403388399136026,5348,0.8967218654950997
88.86167526245117,0.07348203659057617,2881.883692264557,4456,0,2881.883692264557,1.6712334263500872,2472,0.45309040684094004,2977.4870483875275,1.805991102559379,0.4861662666375736,2.015666008953687,5348,0.49934823540771495
