accumulated_eval_time,accumulated_logging_time,accumulated_submission_time,global_step,preemption_count,score,test/loss,test/num_examples,total_duration,train/loss,validation/loss,validation/num_examples
833.2108392715454,0.0,5.6901535987854,1,0,5.6901535987854,0.2600696618883635,95000000,839.2571580410004,0.2514912044989854,0.2537445713299482,83274637
1573.30366897583,0.0272455215454101,125.64226627349854,172,0,125.64226627349854,0.1374506588269685,95000000,1700.03741979599,0.1338233231510413,0.1338310881837756,83274637
2297.6483528614044,0.0486652851104736,245.5787868499756,337,0,245.5787868499756,0.1330041205166867,95000000,2545.0437726974487,0.1314531619924031,0.1302079841432721,83274637
3021.827198266983,0.07021617889404297,365.7378830909729,510,0,365.7378830909729,0.13141456735317833,95000000,3390.1034746170044,0.12877677463424894,0.1290112530610986,83274637
