accumulated_eval_time,accumulated_logging_time,accumulated_submission_time,global_step,preemption_count,score,test/accuracy,test/loss,test/num_examples,total_duration,train/accuracy,train/loss,validation/accuracy,validation/loss,validation/num_examples
35.597548484802246,0,121.09717917442322,1,0,121.09717917442322,0.0009000000427477062,610.208251953125,10000,156.69485688209534,0.0011758609907701612,605.75830078125,0.0009800000116229057,618.727783203125,50000
