accumulated_eval_time,accumulated_logging_time,accumulated_submission_time,global_step,preemption_count,score,test/accuracy,test/loss,test/num_examples,total_duration,train/accuracy,train/loss,validation/accuracy,validation/loss,validation/num_examples
196.59008622169492,0.0,183.60366249084475,1,0,183.60366249084475,0.0053,6.85387421875,10000,380.8508815765381,0.0087890625,6.820089534837372,0.00744,6.828673125,50000
301.9977207183838,0.033199310302734375,740.3470857143402,8,0,740.3470857143402,0.0757,5.2753203125,10000,1044.2050313949585,0.12503985969387754,4.665962997747927,0.11502,4.7564159375,50000
