accumulated_eval_time,accumulated_logging_time,accumulated_submission_time,global_step,preemption_count,score,test/accuracy,test/loss,test/num_examples,total_duration,train/accuracy,train/loss,validation/accuracy,validation/loss,validation/num_examples
199.10245180130005,0.0,187.50792288780207,1,0,187.50792288780207,0.0024,6.77587734375,10000,387.2597126960754,0.0030691964285714,6.739605962013711,0.00252,6.74986625,50000
303.6735143661499,0.0509359836578369,748.3882873058319,8,0,748.3882873058319,0.0342,6.229940234375,10000,1054.0967564582825,0.0464963329081632,5.95777550522162,0.04472,6.02073375,50000
411.801584482193,0.09971308708190918,1305.8707513809204,15,0,1305.8707513809204,0.1091,10.2873796875,10000,1721.0241429805756,0.1615314094387755,8.569912034638074,0.14964,8.042379375,50000
