accumulated_eval_time,accumulated_logging_time,accumulated_submission_time,global_step,preemption_count,score,test/accuracy,test/loss,test/num_examples,total_duration,train/accuracy,train/loss,validation/accuracy,validation/loss,validation/num_examples
187.8273582458496,0.0,185.44964408874512,1,0,185.44964408874512,0.0052,6.8665625,10000,373.8983461856842,0.0075932716836734,6.838436204559949,0.00746,6.8444125,50000
287.4297585487366,0.0318481922149658,745.4546957015991,8,0,745.4546957015991,0.0778,5.25620390625,10000,1034.7634937763214,0.1296037946428571,4.635597384705836,0.1158,4.7386975,50000
392.1362819671631,0.07461166381835938,1302.872474193573,15,0,1302.872474193573,0.1608,4.690075,10000,1698.1106431484222,0.24314413265306123,3.7746488610092475,0.2221,3.9770071875,50000
