accumulated_eval_time,accumulated_logging_time,accumulated_submission_time,global_step,preemption_count,score,test/loss,test/num_examples,total_duration,train/loss,validation/loss,validation/num_examples
166.90174984931946,0.0,7.915310621261597,1,0,7.915310621261597,1.4304000075657894,95000000,174.81709694862366,1.431792345436864,1.4362856491647031,83274637
189.9713084697724,0.022789716720581,1208.5558609962463,1453,0,1208.5558609962463,0.1284300581208881,95000000,1398.5964426994324,0.1257738958364762,0.1259560979176799,83274637
213.3020477294922,0.0479953289031982,2409.107280254364,2919,0,2409.107280254364,0.1278043181435033,95000000,2622.5496501922607,0.1241803238601804,0.1253739733165993,83274637
236.67269110679624,0.0742218494415283,3609.583807706833,4397,0,3609.583807706833,0.1273395737870065,95000000,3846.4698860645294,0.1265005794055057,0.1249942006182957,83274637
260.0337610244751,0.1017799377441406,4809.940534830093,5882,0,4809.940534830093,0.1270079005242598,95000000,5070.261994600296,0.1221690012505219,0.1245829403821808,83274637
283.6707880496979,0.1390073299407959,6009.935100793839,7364,0,6009.935100793839,0.1263106736533717,95000000,6293.977020263672,0.125283326977079,0.123927782871182,83274637
307.1620728969574,0.1640305519104004,7209.895473957062,8836,0,7209.895473957062,0.12606132368421052,95000000,7517.499982833862,0.12285645559148968,0.12378592573450665,83274637
