accumulated_eval_time,accumulated_logging_time,accumulated_submission_time,global_step,preemption_count,score,test/ctc_loss,test/num_examples,test/wer,total_duration,train/ctc_loss,train/wer,validation/ctc_loss,validation/num_examples,validation/wer
35.37317442893982,0.0,6.090923309326172,1,0,6.090923309326172,27.967578553455063,2472,1.656003087360104,41.97096967697144,29.75826731667682,2.1339554746266067,27.749990581675707,5348,1.564891613962246
61.856360912323,0.0374267101287841,1443.742592334747,2237,0,1443.742592334747,6.273915655848764,2472,0.8985842828996811,1509.2001218795776,6.240804218295078,0.9412705122368906,6.358757314898534,5348,0.8963839134842853
91.8839077949524,0.0760900974273681,2881.402354955673,4472,0,2881.402354955673,1.330069480289051,2472,0.3814311539008388,2980.175408124924,1.5109584475929312,0.4261451084953718,1.693984712489954,5348,0.4353401245594554
122.18961787223816,0.1159491539001464,4319.191537857056,6707,0,4319.191537857056,0.6379461477353378,2472,0.2093108281031016,4451.679352283478,0.7144054374873045,0.2380611736142724,0.9249836356615432,5348,0.2740404576835804
152.00616645812988,0.1551992893218994,5756.484269618988,8946,0,5756.484269618988,0.5393906461707207,2472,0.1809152397781975,5922.134667634964,0.5937757613074683,0.2011879213544037,0.8063640598314747,5348,0.2415584415584415
182.67081761360168,0.1978907585144043,7193.812203645706,11185,0,7193.812203645706,0.45850100208077943,2472,0.15414457782381735,7393.422292470932,0.5011534400602614,0.170454791788602,0.7106159034684549,5348,0.21262974943272342
