accumulated_eval_time,accumulated_logging_time,accumulated_submission_time,global_step,preemption_count,score,test/accuracy,test/loss,test/num_examples,total_duration,train/accuracy,train/loss,validation/accuracy,validation/loss,validation/num_examples
275.1344213485718,0.0,190.51966762542725,1,0,190.51966762542725,0.0023,9.91445859375,10000,466.3852376937866,0.0030492665816326,9.464134372010523,0.00316,9.566421875,50000
385.4712407588959,0.11777639389038086,752.8251261711121,8,0,752.8251261711121,0.0591,5.64476015625,10000,1140.5447330474854,0.08633609693877552,5.217010498046875,0.07946,5.29473625,50000
