accumulated_eval_time,accumulated_logging_time,accumulated_submission_time,global_step,preemption_count,score,test/ctc_loss,test/num_examples,test/wer,total_duration,train/ctc_loss,train/wer,validation/ctc_loss,validation/num_examples,validation/wer
29.73469614982605,0.0,7.8472490310668945,1,0,7.8472490310668945,29.15314536421705,2472,0.9141632644770784,37.995402097702026,30.688705187166505,0.9455268215970644,28.97804902551738,5348,0.91011442089509
55.59252095222473,0.0368778705596923,1447.9279115200045,1007,0,1447.9279115200045,6.172383298922511,2472,0.899579550301627,1505.1760017871857,6.057617840522947,0.9412895334614712,6.2007209727245325,5348,0.8967218654950997
81.9044406414032,0.07646775245666504,2888.4184861183167,2014,0,2888.4184861183167,5.441606313310536,2472,0.899579550301627,2973.435840845108,5.524809541193007,0.941278612615761,5.462645748568415,5348,0.8967025539516246
