accumulated_eval_time,accumulated_logging_time,accumulated_submission_time,global_step,preemption_count,score,test/accuracy,test/loss,test/num_examples,total_duration,train/accuracy,train/loss,validation/accuracy,validation/loss,validation/num_examples
196.5363063812256,0.0,188.67712664604187,1,0,188.67712664604187,0.0056,6.84994921875,10000,385.9498665332794,0.0069355867346938,6.829523826132015,0.00764,6.83587875,50000
299.7387399673462,0.0388946533203125,752.3886997699738,8,0,752.3886997699738,0.0808,5.18725546875,10000,1054.282738685608,0.1324736926020408,4.661854023836097,0.12114,4.7421621875,50000
408.27286529541016,0.08688592910766602,1309.7603402137756,15,0,1309.7603402137756,0.176,4.3353265625,10000,1721.5489747524261,0.2676578443877551,3.5585619868064415,0.24532,3.7059646875,50000
