accumulated_eval_time,accumulated_logging_time,accumulated_submission_time,global_step,preemption_count,score,test/ctc_loss,test/num_examples,test/wer,total_duration,train/ctc_loss,train/wer,validation/ctc_loss,validation/num_examples,validation/wer
29.236703395843502,0.0,382.678715467453,1,0,382.678715467453,6.800821020711013,2472,0.899579550301627,412.4002459049225,6.648528841476482,0.9416723627249944,6.778011666164356,5348,0.8967218654950997
58.82077193260193,0.050307273864746,1879.0152387619016,5,0,1879.0152387619016,3.838415784889348,2472,0.7479942315113847,1939.386163711548,3.991846929438138,0.7828120083759181,4.05504735847398,5348,0.7655964852990875
90.39332818984984,0.161755084991455,3379.307599782944,9,0,3379.307599782944,1.966788179882573,2472,0.5364085064895497,3472.3791184425354,2.113071233701513,0.5752259436469963,2.2971954192410085,5348,0.5809588181335393
121.97986841201782,0.2844483852386474,4878.528122186661,13,0,4878.528122186661,1.2570917881798829,2472,0.3861028172160949,5004.379925489426,1.3724115042742602,0.4202714578654428,1.5900425158855735,5348,0.4440592864384686
153.20944809913635,0.4146919250488281,6379.578115940094,17,0,6379.578115940094,0.9853276824311246,2472,0.31385452846667883,6537.856887817383,1.0856250999255024,0.3431902266488733,1.308296484139542,5348,0.37531984743880653
