accumulated_eval_time,accumulated_logging_time,accumulated_submission_time,global_step,preemption_count,score,test/loss,test/num_examples,total_duration,train/loss,validation/loss,validation/num_examples
753.6530590057373,0.0,20.15512728691101,1,0,20.15512728691101,10.007061925,95000000,773.8082382678986,10.07688732267176,10.109905789051954,83274637
1373.8810851573944,0.0270612239837646,140.68692708015442,183,0,140.68692708015442,0.147808766899671,95000000,1514.6013383865356,0.1436346341275944,0.1442021931135264,83274637
1987.811320781708,0.0523145198822021,260.9429256916046,366,0,260.9429256916046,0.1447764997738486,95000000,2248.818950176239,0.1396642155101839,0.1411050748643142,83274637
2599.325977087021,0.0758504867553711,381.6674735546112,549,0,381.6674735546112,0.1482229482113486,95000000,2981.0875844955444,0.1425182817492095,0.1445862053370276,83274637
3196.2737073898315,0.0974080562591552,502.24623227119446,731,0,502.24623227119446,0.1346170910773026,95000000,3698.6418838500977,0.1327750183899635,0.131651239649148,83274637
3819.9665336608887,0.1191201210021972,622.6651203632355,914,0,622.6651203632355,0.1325450912314967,95000000,4442.781654596329,0.1294460416004155,0.1298285504520759,83274637
4379.415430545807,0.14155316352844238,743.1056470870972,1099,0,743.1056470870972,0.13163773873355264,95000000,5122.700352668762,0.13026983574407655,0.12896120728371127,83274637
