accumulated_eval_time,accumulated_logging_time,accumulated_submission_time,global_step,preemption_count,score,test/ctc_loss,test/num_examples,test/wer,total_duration,train/ctc_loss,train/wer,validation/ctc_loss,validation/num_examples,validation/wer
27.63757300376892,0.0,381.8924436569214,1,0,381.8924436569214,6.068977837279824,2472,0.899579550301627,409.94634771347046,5.995281056361324,0.9414458815520762,6.090735351366285,5348,0.8967218654950997
55.16400361061096,0.05099225044250488,1886.8935124874115,5,0,1886.8935124874115,5.138931947222401,2472,0.8988686450145228,1943.4009244441986,5.219172125920343,0.9407106875425459,5.313851921966044,5348,0.8962680442234345
