accumulated_eval_time,accumulated_logging_time,accumulated_submission_time,global_step,preemption_count,score,test/accuracy,test/loss,test/num_examples,total_duration,train/accuracy,train/loss,validation/accuracy,validation/loss,validation/num_examples
189.1304531097412,0.0,185.3883690834045,1,0,185.3883690834045,0.0052,6.85606171875,10000,375.20562839508057,0.0067163584183673,6.836201570471939,0.00716,6.841210625,50000
287.4094603061676,0.0354597568511962,743.590204000473,8,0,743.590204000473,0.0861,5.1264421875,10000,1033.0316443443298,0.1373166454081632,4.61751821089764,0.12274,4.6966934375,50000
388.04003620147705,0.08163928985595703,1298.5569636821747,15,0,1298.5569636821747,0.1566,4.55951796875,10000,1689.9313497543335,0.24567522321428573,3.7876144720583547,0.2197,3.9436775,50000
