accumulated_eval_time,accumulated_logging_time,accumulated_submission_time,global_step,preemption_count,score,test/loss,test/num_examples,total_duration,train/loss,validation/loss,validation/num_examples
748.7518026828766,0.0,32.55831742286682,1,0,32.55831742286682,0.2399424716743067,95000000,781.6265647411346,0.230691816993721,0.2325876942578558,83274637
1365.6700458526611,0.0286905765533447,163.04563426971436,6,0,163.04563426971436,0.139883329586792,95000000,1529.6105391979218,0.1372901308598532,0.1368648653755239,83274637
2088.371805667877,0.0607297420501709,289.9375758171081,10,0,289.9375758171081,0.1388107883854514,95000000,2379.7968299388885,0.1376980796427754,0.1361385313518777,83274637
2796.410793304444,0.0918612480163574,443.0034396648407,14,0,443.0034396648407,0.1368788309459485,95000000,3241.472707748413,0.1334051329861669,0.1344036862571317,83274637
3510.2371666431427,0.1240365505218505,600.6317112445831,18,0,600.6317112445831,0.1333029048292862,95000000,4113.489729166031,0.1279104337205781,0.1310035984192559,83274637
4243.385773181915,0.15356969833374023,755.5242741107941,22,0,755.5242741107941,0.13157311538876984,95000000,5002.108147144318,0.1296855425361354,0.12927541950944027,83274637
