accumulated_eval_time,accumulated_logging_time,accumulated_submission_time,global_step,preemption_count,score,test/ctc_loss,test/num_examples,test/wer,total_duration,train/ctc_loss,train/wer,validation/ctc_loss,validation/num_examples,validation/wer
27.52007246017456,0.0,380.0569438934326,1,0,380.0569438934326,5.887344748048261,2472,0.899579550301627,408.0315918922424,5.937765413386624,0.9418930165695696,5.897912035990556,5348,0.8967218654950997
58.35412573814392,0.0490579605102539,1873.295411348343,5,0,1873.295411348343,4.292928576037164,2472,0.8527816708305405,1933.073373794556,4.087509620707814,0.8858937083193722,4.526941509066707,5348,0.8372905904504417
89.43969321250916,0.13434958457946777,3367.4202778339386,9,0,3367.4202778339386,1.4103909929672882,2472,0.41267036337415963,3459.278055667877,1.508399342078613,0.43948810514597003,1.7121149867515573,5348,0.45540481823009704
