accumulated_eval_time,accumulated_logging_time,accumulated_submission_time,global_step,preemption_count,score,test/ctc_loss,test/num_examples,test/wer,total_duration,train/ctc_loss,train/wer,validation/ctc_loss,validation/num_examples,validation/wer
27.851853370666504,0.0,378.45601868629456,1,0,378.45601868629456,6.263947674043487,2472,0.899579550301627,406.77068543434143,6.192205557983757,0.941800860645755,6.285720957027325,5348,0.8967218654950997
55.26418566703797,0.0499422550201416,1849.595109462738,5,0,1849.595109462738,5.49309995806181,2472,0.899579550301627,1906.2899878025053,5.51839743785216,0.941800860645755,5.514616454440426,5348,0.8967218654950997
83.71229267120361,0.1511523723602295,3323.7005541324615,9,0,3323.7005541324615,5.452501371056197,2472,0.899579550301627,3409.8533675670624,5.516089658233467,0.941800860645755,5.469844880198915,5348,0.8967218654950997
