accumulated_eval_time,accumulated_logging_time,accumulated_submission_time,global_step,preemption_count,score,test/accuracy,test/loss,test/num_examples,total_duration,train/accuracy,train/loss,validation/accuracy,validation/loss,validation/num_examples
36.41907477378845,0,105.23135209083557,1,0,105.23135209083557,0.0010000000474974513,6.912367343902588,10000,141.65052342414856,0.0010762116871774197,6.91436243057251,0.0009199999622069299,6.913506031036377,50000
