accumulated_eval_time,accumulated_logging_time,accumulated_submission_time,global_step,preemption_count,score,test/loss,test/num_examples,total_duration,train/loss,validation/loss,validation/num_examples
817.7127370834351,0.0,5.551465272903442,1,0,5.551465272903442,0.1604486347451461,95000000,823.6217150688171,0.1572318964152458,0.1583449932360612,83274637
1582.1900334358215,0.0299329757690429,125.2257478237152,171,0,125.2257478237152,0.1370032638643766,95000000,1708.5059316158297,0.133697737801643,0.1338172268133958,83274637
2311.874876976013,0.05126523971557617,245.54874277114868,338,0,245.54874277114868,0.13169735670274432,95000000,2559.2576563358307,0.12780861299193277,0.1290246815775992,83274637
