accumulated_eval_time,accumulated_logging_time,accumulated_submission_time,global_step,preemption_count,score,test/ctc_loss,test/num_examples,test/wer,total_duration,train/ctc_loss,train/wer,validation/ctc_loss,validation/num_examples,validation/wer
27.821043491363525,0.0,382.0402643680573,1,0,382.0402643680573,6.063209723207949,2472,0.899579550301627,410.3010642528534,5.9840100313925975,0.9417847899769348,6.082219616485835,5348,0.8967218654950997
55.20313620567322,0.050623178482055664,1882.3872759342194,5,0,1882.3872759342194,5.0630923769275435,2472,0.8961672049235269,1939.0157816410065,5.079873565127774,0.9384657866525171,5.2404345143911994,5348,0.894974170810602
