accumulated_eval_time,accumulated_logging_time,accumulated_submission_time,global_step,preemption_count,score,test/ctc_loss,test/num_examples,test/wer,total_duration,train/ctc_loss,train/wer,validation/ctc_loss,validation/num_examples,validation/wer
27.44586586952209,0.0,379.956996679306,1,0,379.956996679306,6.045430753597007,2472,0.899579550301627,407.97619128227234,6.00674747011979,0.9421014086934044,6.061381966420535,5348,0.8967218654950997
56.81947088241577,0.0442712306976318,1875.3194465637207,5,0,1875.3194465637207,4.85768476998516,2472,0.7719822070562428,1933.7171876430511,4.950557011574792,0.8083832335329342,4.9995757829766925,5348,0.7868198715782359
87.54060888290405,0.0951907634735107,3369.0250115394592,9,0,3369.0250115394592,1.387414208174721,2472,0.4009505819267564,3459.162495136261,1.538522142347028,0.4395435747210615,1.7042069300030138,5348,0.451445951817699
118.32251739501952,0.1812872886657714,4861.0492923259735,13,0,4861.0492923259735,0.7493776816246209,2472,0.2420327828895253,4983.163705587387,0.8351004351495022,0.2713134881316503,1.0525271718655818,5348,0.3080384299715155
149.6939754486084,0.2705230712890625,6355.097165107727,17,0,6355.097165107727,0.5562997007871475,2472,0.1871712063047143,6509.724067926407,0.6174223603007559,0.2087892560203334,0.8326238195700221,5348,0.2497465359918891
181.05085825920105,0.35462164878845215,7848.470486402512,21,0,7848.470486402512,0.5089041026840442,2472,0.16972355940121464,8035.651394844055,0.5463028504103055,0.18681880842631285,0.763435092440853,5348,0.22963356346255975
