accumulated_eval_time,accumulated_logging_time,accumulated_submission_time,global_step,preemption_count,score,test/ctc_loss,test/num_examples,test/wer,total_duration,train/ctc_loss,train/wer,validation/ctc_loss,validation/num_examples,validation/wer
27.59447860717773,0.0,384.6067280769348,1,0,384.6067280769348,6.133645315826827,2472,0.899579550301627,412.78597235679626,6.035582028116545,0.9414611837341362,6.155928207253366,5348,0.8967218654950997
57.56295442581177,0.0442841053009033,1891.7448048591607,5,0,1891.7448048591607,1.584817972127234,2472,0.4305242418702902,1951.028067111969,1.748678531733083,0.4694375330070288,1.9057384672619049,5348,0.4726886496403225
87.94557285308838,0.1423430442810058,3399.944772005081,9,0,3399.944772005081,0.6276670067423705,2472,0.2051875774378973,3490.7933979034424,0.6940403703722587,0.2282371388282436,0.9002098127951075,5348,0.2673103847825037
118.2247862815857,0.2499077320098877,4907.230904817581,13,0,4907.230904817581,0.4947581799632234,2472,0.1657628013730628,5029.506114244461,0.5323830360906038,0.1813821301987771,0.7471945657053697,5348,0.225298121952397
149.0373752117157,0.34986090660095215,6414.978389501572,17,0,6414.978389501572,0.43622073399896766,2472,0.14474031645441066,6569.158573627472,0.4729448996274694,0.16217952556989867,0.6840729563021147,5348,0.20458649157533915
