accumulated_eval_time,accumulated_logging_time,accumulated_submission_time,global_step,preemption_count,score,test/accuracy,test/loss,test/num_examples,total_duration,train/accuracy,train/loss,validation/accuracy,validation/loss,validation/num_examples
196.45712637901303,0.0,188.87690019607544,1,0,188.87690019607544,0.0011,9.81496328125,10000,385.9713428020477,0.001415019132653,10.556802555006378,0.0015,11.38779875,50000
298.9473066329956,0.0361068248748779,753.9930794239044,8,0,753.9930794239044,0.0756,6.152948046875,10000,1054.9570291042328,0.1235052614795918,4.985233540437659,0.11406,5.154083125,50000
407.65135884284973,0.08747076988220215,1314.0217063426971,15,0,1314.0217063426971,0.2484,3.8694765625,10000,1724.9570004940033,0.36732700892857145,2.9797724509725767,0.33426,3.1580953125,50000
