accumulated_eval_time,accumulated_logging_time,accumulated_submission_time,global_step,preemption_count,score,test/loss,test/num_examples,total_duration,train/loss,validation/loss,validation/num_examples
773.8740651607513,0.0,21.018419981002808,1,0,21.018419981002808,0.511530224712171,95000000,794.892537355423,0.5051523109183371,0.4947187968247313,83274637
1404.3800411224363,0.0291807651519775,141.24892210960388,179,0,141.24892210960388,0.1599551131373355,95000000,1545.664439201355,0.1548955784700576,0.1562310619929323,83274637
2032.5634315013883,0.0508289337158203,261.46088337898254,363,0,261.46088337898254,0.1418117662623355,95000000,2294.0881690979004,0.1364248214910427,0.1382656777128161,83274637
2647.242645263672,0.0726914405822753,382.09738063812256,542,0,382.09738063812256,0.133760896196546,95000000,3029.432055950165,0.1312828684963707,0.130786253269708,83274637
3261.784281015396,0.0942139625549316,502.5975420475006,720,0,502.5975420475006,0.1335919457853618,95000000,3764.5019187927246,0.1313337078259426,0.1305719446482696,83274637
3892.3706963062286,0.11517453193664551,622.8269381523132,895,0,622.8269381523132,0.13120251938733551,95000000,4515.3448050022125,0.12759777289703958,0.1286598070726955,83274637
