accumulated_eval_time,accumulated_logging_time,accumulated_submission_time,global_step,preemption_count,score,test/accuracy,test/loss,test/num_examples,total_duration,train/accuracy,train/loss,validation/accuracy,validation/loss,validation/num_examples
193.9143395423889,0.0,188.6738841533661,1,0,188.6738841533661,0.0013,28.0955,10000,383.2540602684021,0.0007573341836734,10.25966722138074,0.00108,11.09049375,50000
293.3179340362549,0.0519773960113525,755.8527684211731,8,0,755.8527684211731,0.0671,5.336661328125,10000,1051.2041749954224,0.1030970982142857,4.951847309968909,0.09692,5.0067734375,50000
397.0201337337494,0.09700250625610352,1319.338301897049,15,0,1319.338301897049,0.0562,208.3886375,10000,1719.6505029201508,0.08095503826530612,191.97973134566325,0.07354,193.60302,50000
