accumulated_eval_time,accumulated_logging_time,accumulated_submission_time,global_step,preemption_count,score,test/loss,test/num_examples,total_duration,train/loss,validation/loss,validation/num_examples
782.1437466144562,0.0,34.960456132888794,1,0,34.960456132888794,4.410893458556487,95000000.0,817.4781131744385,4.224395332498483,4.267499258384885,83274637.0
1423.2951662540436,0.0205614566802978,173.29496550559998,6,0,173.29496550559998,0.1446576690846895,95000000.0,1597.606297492981,0.1419346446243592,0.1415720087787519,83274637.0
2068.915315628052,0.0465095043182373,318.9493012428284,11,0,318.9493012428284,0.1417560566457648,95000000.0,2389.51936006546,0.1394906917976454,0.1382827629521681,83274637.0
2716.51802110672,0.0670602321624755,459.85367250442505,16,0,459.85367250442505,0.1400225067315754,95000000.0,3178.671511411667,0.137512633571126,0.1369365911525971,83274637.0
3342.503393888473,0.0884268283843994,601.4287250041962,21,0,601.4287250041962,0.1356486729255274,95000000.0,3946.8013651371,0.1330018027633547,0.1329898263562663,83274637.0
3964.46235537529,0.109814167022705,736.5401165485382,26,0,736.5401165485382,0.1324474811620611,95000000.0,4704.570726156235,0.1325447575754691,0.1299429119408988,83274637.0
4570.395872116089,0.1301100254058838,876.3241186141968,31,0,876.3241186141968,0.1311737160141794,95000000.0,5450.923361539841,0.1262531169123483,0.1285487606810577,83274637.0
,,,31,0,876.3241186141968,,,,,,
