accumulated_eval_time,accumulated_logging_time,accumulated_submission_time,global_step,preemption_count,score,test/ctc_loss,test/num_examples,test/wer,total_duration,train/ctc_loss,train/wer,validation/ctc_loss,validation/num_examples,validation/wer
26.73633050918579,0.0,379.41085720062256,1,0,379.41085720062256,6.013681527840506,2472,0.899579550301627,406.5764193534851,5.968856511479831,0.9416159860990444,6.02872353450874,5348,0.8967218654950997
54.35109853744507,0.0420138835906982,1871.359327316284,5,0,1871.359327316284,4.819877895348087,2472,0.8016168017386712,1927.012310743332,4.901711078726136,0.8386837532580365,5.000087904360056,5348,0.8131994399652392
84.53578186035156,0.1522865295410156,3361.814682483673,9,0,3361.814682483673,1.4553291744628685,2472,0.4203684520545163,3448.6045293807983,1.5972991412684847,0.4511620330147697,1.775818570110006,5348,0.464693670641626
114.48662638664246,0.258707046508789,4850.0188601017,13,0,4850.0188601017,0.7326101683979611,2472,0.239351654378161,4967.796334981918,0.7975114087521153,0.2623099478714161,1.020888764096092,5348,0.3020808188094433
145.0962052345276,0.37476444244384766,6339.937687397003,17,0,6339.937687397003,0.5919958545712627,2472,0.19801758982796092,6489.4011759758,0.642430215295772,0.21864139878366637,0.8853313131027728,5348,0.2645102109786125
