accumulated_eval_time,accumulated_logging_time,accumulated_submission_time,global_step,preemption_count,score,test/ctc_loss,test/num_examples,test/wer,total_duration,train/ctc_loss,train/wer,validation/ctc_loss,validation/num_examples,validation/wer
28.0834755897522,0.0,385.0350708961487,1,0,385.0350708961487,6.034868781856894,2472,0.899579550301627,413.5512452125549,5.971781600656444,0.9418021207151324,6.0520515464888485,5348,0.8967218654950997
55.64744544029236,0.05224752426147461,1899.1716425418854,5,0,1899.1716425418854,5.304603522807923,2472,0.8750837852659802,1956.2970974445343,5.353163695671994,0.9145326902987296,5.467690438517179,5348,0.8776517163134263
