accumulated_eval_time,accumulated_logging_time,accumulated_submission_time,global_step,preemption_count,score,test/ctc_loss,test/num_examples,test/wer,total_duration,train/ctc_loss,train/wer,validation/ctc_loss,validation/num_examples,validation/wer
45.77625608444214,0.0,416.6122705936432,1,0,416.6122705936432,8.622055455190658,2472,0.899579550301627,462.77613735198975,8.556385585928085,0.9416273969032988,8.661491297468354,5348,0.8967218654950997
73.85632634162903,0.038608551025390625,1856.5493857860565,6,0,1856.5493857860565,5.200407687592748,2472,0.8830865476408101,1931.9157905578613,5.348862529319317,0.9158722230667332,5.358162390747438,5348,0.8804712016607927
