accumulated_eval_time,accumulated_logging_time,accumulated_submission_time,global_step,preemption_count,score,test/loss,test/num_examples,total_duration,train/loss,validation/loss,validation/num_examples
760.0273988246918,0.0,5.615419626235962,1,0,5.615419626235962,0.1793761525688573,95000000,766.013017654419,0.1738656100225397,0.1731165980097958,83274637
1417.447711467743,0.02944016456604,125.46491861343384,187,0,125.46491861343384,0.1442587250636853,95000000,1543.967512845993,0.1391949413692204,0.1413914440704269,83274637
2058.5898249149323,0.054686784744262695,245.7014238834381,369,0,245.7014238834381,0.13186850768263966,95000000,2306.0632326602936,0.12807250024257777,0.12942850586088508,83274637
